pdb,mut_type,ddG_expt,chain,chain_list
1CYO,F34H,-3.11,A,['A']
1CYO,F34L,-1.87,A,['A']
1CYO,F34Y,0.64,A,['A']
1CYO,V44E,-2.3800000000000003,A,['A']
1CYO,V44G,-1.9,A,['A']
1CYO,V44H,-1.4575,A,['A']
1CYO,V44T,-1.0,A,['A']
1CYO,V44Y,-1.54,A,['A']
1CYO,V60E,-1.0750000000000002,A,['A']
1CYO,V60H,-1.615,A,['A']
1CYO,V60K,-2.365,A,['A']
1CYO,V60Y,-1.315,A,['A']
1CYO,S70L,0.8,A,['A']
2RN2,D9A,3.033333333333333,A,['A']
2RN2,D9E,0.75,A,['A']
2RN2,D9H,1.6,A,['A']
2RN2,D9N,-1.0,A,['A']
2RN2,D9S,1.9,A,['A']
2RN2,G22A,0.75,A,['A']
2RN2,A23V,0.88,A,['A']
2RN2,R26A,-2.2,A,['A']
2RN2,Y27F,-0.7,A,['A']
2RN2,R40C,0.44,A,['A']
2RN2,E47A,-0.2,A,['A']
2RN2,E47D,-0.1,A,['A']
2RN2,E47Q,0.0499999999999999,A,['A']
2RN2,A51C,0.8,A,['A']
2RN2,A51D,-1.9,A,['A']
2RN2,A51E,-1.5,A,['A']
2RN2,A51F,0.5,A,['A']
2RN2,A51G,-2.7,A,['A']
2RN2,A51H,-3.6,A,['A']
2RN2,A51I,1.9,A,['A']
2RN2,A51K,-5.9,A,['A']
2RN2,A51L,1.3,A,['A']
2RN2,A51M,0.5,A,['A']
2RN2,A51N,-1.8,A,['A']
2RN2,A51P,-1.6,A,['A']
2RN2,A51Q,-1.2,A,['A']
2RN2,A51S,-1.8,A,['A']
2RN2,A51T,-0.8,A,['A']
2RN2,A51V,1.7,A,['A']
2RN2,A51Y,-2.3,A,['A']
2RN2,I52A,-2.1,A,['A']
2RN2,I52D,-3.1,A,['A']
2RN2,I52F,-3.9,A,['A']
2RN2,I52L,-1.4,A,['A']
2RN2,I52V,-0.2,A,['A']
2RN2,H61A,0.58,A,['A']
2RN2,H61D,-0.17,A,['A']
2RN2,H61P,1.346666666666667,A,['A']
2RN2,H61R,0.36,A,['A']
2RN2,S67A,0.19,A,['A']
2RN2,S67G,-2.2,A,['A']
2RN2,S67L,-1.0,A,['A']
2RN2,S67T,0.1,A,['A']
2RN2,S67V,1.29,A,['A']
2RN2,D69A,-0.7,A,['A']
2RN2,D69E,0.2,A,['A']
2RN2,D69N,-0.9,A,['A']
2RN2,V73A,-3.4,A,['A']
2RN2,V73I,0.6,A,['A']
2RN2,V73L,0.9,A,['A']
2RN2,Q75L,0.24,A,['A']
2RN2,G76A,-0.9,A,['A']
2RN2,Q79L,0.3,A,['A']
2RN2,H82A,-0.09,A,['A']
2RN2,K90R,-0.0,A,['A']
2RN2,D93E,-0.4,A,['A']
2RN2,D93R,1.1,A,['A']
2RN2,K94A,0.1,A,['A']
2RN2,K94G,1.6,A,['A']
2RN2,K94N,0.89,A,['A']
2RN2,Q104G,-2.2,A,['A']
2RN2,Q112P,-0.6,A,['A']
2RN2,H113A,-2.265,A,['A']
2RN2,K116R,0.03,A,['A']
2RN2,E118V,0.74,A,['A']
2RN2,H123A,0.05,A,['A']
2RN2,A124T,-0.0,A,['A']
2RN2,H126A,-0.31,A,['A']
2RN2,D133A,1.5,A,['A']
2RN2,D133E,0.86,A,['A']
2RN2,D133H,2.28,A,['A']
2RN2,D133I,1.335,A,['A']
2RN2,D133L,1.51,A,['A']
2RN2,D133N,1.8,A,['A']
2RN2,D133Q,1.32,A,['A']
2RN2,D133S,1.08,A,['A']
2RN2,D133T,1.08,A,['A']
2RN2,D133V,1.16,A,['A']
2RN2,E134K,-0.22,A,['A']
1SUP,M49F,0.48,A,['A']
1SUP,N75D,0.45,A,['A']
1SUP,G168A,0.3,A,['A']
1SUP,Q205C,1.25,A,['A']
1SUP,Y216K,0.72,A,['A']
1SUP,N217S,1.07,A,['A']
3PGK,Y47W,-2.0716666666666668,A,['A']
3PGK,Y121W,-2.47,A,['A']
3PGK,F193W,-0.4399999999999999,A,['A']
3PGK,W307F,-3.28,A,['A']
3PGK,W307Y,-1.3075,A,['A']
3PGK,W332F,-0.9675,A,['A']
3PGK,W332Y,-1.3066666666666664,A,['A']
3PGK,H387Q,-0.84,A,['A']
3PGK,L398W,-3.6475,A,['A']
1B5M,R12H,1.4,A,['A']
1B5M,D57R,0.2,A,['A']
1B5M,P62A,-1.1,A,['A']
1B5M,P78A,-0.7,A,['A']
1BRF,A0K,-0.6,A,['A']
451C,F6A,1.1,A,['A']
451C,V12M,0.4,A,['A']
451C,F33Y,1.615,A,['A']
451C,Q36R,0.5,A,['A']
451C,E42Y,0.865,A,['A']
451C,W55F,-1.9,A,['A']
451C,E69Q,-0.1333333333333333,A,['A']
451C,E69V,-1.1333333333333333,A,['A']
451C,W76F,-1.2,A,['A']
451C,V77I,0.85,A,['A']
1AQH,Q57C,1.9,A,['A']
1H7M,D3A,-0.53,A,['A']
1H7M,E7A,-0.8300000000000001,A,['A']
1H7M,R9A,-0.76,A,['A']
1H7M,K10A,-0.4449999999999999,A,['A']
1H7M,K10M,-0.5,A,['A']
1H7M,D13A,0.24,A,['A']
1H7M,K16A,-0.91,A,['A']
1H7M,R22A,0.07,A,['A']
1H7M,K23A,0.43,A,['A']
1H7M,K29A,-1.19,A,['A']
1H7M,K34A,0.12,A,['A']
1H7M,R40A,-0.07,A,['A']
1H7M,R43A,0.33,A,['A']
1H7M,D45A,0.075,A,['A']
1H7M,K47A,-1.1,A,['A']
1H7M,E48A,-0.075,A,['A']
1H7M,D49A,0.36,A,['A']
1H7M,E51A,0.57,A,['A']
1H7M,R55A,-0.26,A,['A']
1H7M,E63A,-1.29,A,['A']
1H7M,E65A,-0.26,A,['A']
1H7M,E70A,-0.74,A,['A']
1H7M,R77A,0.19,A,['A']
1H7M,H79A,-0.5,A,['A']
1H7M,D88A,-1.36,A,['A']
1H7M,E91A,-0.4549999999999999,A,['A']
1H7M,R93A,-0.405,A,['A']
1H7M,R93M,-0.8,A,['A']
1QGV,G118D,-0.9,A,['A']
1FTG,L4A,-2.596666666666667,A,['A']
1FTG,F5L,-0.1,A,['A']
1FTG,V16I,0.4614285714285714,A,['A']
1FTG,V16L,0.2575,A,['A']
1FTG,E18K,-0.2689999999999999,A,['A']
1FTG,I19A,-0.86,A,['A']
1FTG,I19G,0.09,A,['A']
1FTG,I19V,-1.5499999999999998,A,['A']
1FTG,I20A,-0.7333333333333334,A,['A']
1FTG,I20G,-0.35,A,['A']
1FTG,I20V,-1.94,A,['A']
1FTG,V28A,-1.7999999999999998,A,['A']
1FTG,V29A,-1.28,A,['A']
1FTG,H32A,-1.3,A,['A']
1FTG,E38K,-0.4745454545454546,A,['A']
1FTG,D41A,0.0333333333333333,A,['A']
1FTG,Y45F,-0.8,A,['A']
1FTG,L48A,0.9566666666666666,A,['A']
1FTG,I49V,-1.146,A,['A']
1FTG,I50V,-1.132,A,['A']
1FTG,E59K,0.06,A,['A']
1FTG,D63K,-0.0159999999999999,A,['A']
1FTG,G66A,0.4766666666666667,A,['A']
1FTG,S69A,0.014,A,['A']
1FTG,E70K,-0.3954545454545455,A,['A']
1FTG,D72K,-0.55,A,['A']
1FTG,D73K,-0.0416666666666666,A,['A']
1FTG,V81I,0.052,A,['A']
1FTG,A82G,-1.5179999999999998,A,['A']
1FTG,G85A,-0.11,A,['A']
1FTG,G85L,-0.4166666666666667,A,['A']
1FTG,G85V,-0.0033333333333333,A,['A']
1FTG,N95A,-0.515,A,['A']
1FTG,Q97A,0.89,A,['A']
1FTG,A99L,-0.0833333333333333,A,['A']
1FTG,A99V,-0.0259999999999999,A,['A']
1FTG,I100V,-0.7,A,['A']
1FTG,I102V,-0.44,A,['A']
1FTG,E104A,0.6,A,['A']
1FTG,E105A,0.19,A,['A']
1FTG,S108A,-0.6083333333333334,A,['A']
1FTG,Q109G,0.2066666666666666,A,['A']
1FTG,V115A,-1.644,A,['A']
1FTG,T120S,0.0816666666666666,A,['A']
1FTG,D124K,-0.1522222222222222,A,['A']
1FTG,V137A,-0.9333333333333336,A,['A']
1FTG,L139A,-0.1,A,['A']
1FTG,L141A,-0.15,A,['A']
1FTG,D148K,0.0971428571428571,A,['A']
1FTG,I154V,-2.418,A,['A']
1FTG,V158A,-1.658,A,['A']
1AKY,V5I,-1.1949999999999998,A,['A']
1AKY,Q45E,-1.0,A,['A']
1AKY,T74H,-2.125,A,['A']
1AKY,T107H,-2.6,A,['A']
1AKY,N166D,-2.125,A,['A']
1AKY,I210F,-1.905,A,['A']
1BNL,D75A,-3.89,A,['A']
1FXA,R41A,-2.4,A,['A']
1FXA,R41H,-1.4,A,['A']
1FXA,T47A,0.1,A,['A']
1FXA,F64A,-1.0,A,['A']
1FXA,F64I,-0.9,A,['A']
1FXA,F64W,-0.6,A,['A']
1FXA,F64Y,-0.5,A,['A']
1FXA,E93D,-1.1,A,['A']
1FXA,E93K,0.3,A,['A']
1FXA,E93Q,0.6,A,['A']
2CHF,V8T,-4.0,A,['A']
2CHF,V9T,-3.2,A,['A']
2CHF,D10A,2.5,A,['A']
2CHF,D11A,2.7,A,['A']
2CHF,F12A,0.8,A,['A']
2CHF,V19T,-0.2,A,['A']
2CHF,N21G,-0.0,A,['A']
2CHF,V31T,-1.5,A,['A']
2CHF,A34G,-3.1,A,['A']
2CHF,D36A,-1.9,A,['A']
2CHF,D36G,-1.0,A,['A']
2CHF,V38T,-0.8,A,['A']
2CHF,A40G,-2.3,A,['A']
2CHF,I53V,-1.5,A,['A']
2CHF,D55A,3.4,A,['A']
2CHF,P59G,-0.6,A,['A']
2CHF,D62A,-1.0,A,['A']
2CHF,I70V,-1.5,A,['A']
2CHF,A72G,-0.3,A,['A']
2CHF,V81T,-3.5,A,['A']
2CHF,A95G,-1.4,A,['A']
2CHF,A96G,-1.3,A,['A']
2CHF,A97G,-0.5,A,['A']
2CHF,A99G,-1.0,A,['A']
2CHF,A101G,-1.7,A,['A']
2CHF,V106T,-1.0,A,['A']
2CHF,T110A,-1.5,A,['A']
2CHF,T110G,-1.0,A,['A']
2CHF,A111G,-1.3,A,['A']
2CHF,A112G,-0.8,A,['A']
2CHF,I121V,-0.8,A,['A']
1APS,Y10F,0.7,A,['A']
1APS,Y10I,-2.2,A,['A']
1APS,V12A,-2.6,A,['A']
1APS,V16A,-1.8,A,['A']
1APS,V19A,-0.3,A,['A']
1APS,F21L,-1.3,A,['A']
1APS,Y24A,-0.05,A,['A']
1APS,E28D,-3.5,A,['A']
1APS,A29G,-1.6,A,['A']
1APS,V34A,-2.5,A,['A']
1APS,W37F,-0.0,A,['A']
1APS,V38A,-1.6,A,['A']
1APS,T41A,-1.8,A,['A']
1APS,G44A,-1.7,A,['A']
1APS,V46A,-1.9,A,['A']
1APS,V50A,-1.9,A,['A']
1APS,P53A,-0.5,A,['A']
1APS,M60A,-4.0,A,['A']
1APS,W63A,-1.5,A,['A']
1APS,L64V,-5.35,A,['A']
1APS,P70A,-1.6,A,['A']
1APS,I74V,-1.4,A,['A']
1APS,T77S,-1.4,A,['A']
1APS,E82D,-1.5,A,['A']
1APS,I85V,-1.7000000000000002,A,['A']
1APS,L88A,-1.7,A,['A']
1APS,F93L,-4.3,A,['A']
1RRO,P20A,-0.7,A,['A']
1RRO,P25A,-0.7,A,['A']
1AG2,M5V,-0.215,A,['A']
1AG2,F51W,-0.1,A,['A']
1AG2,V56I,-0.35,A,['A']
1AG2,T59A,-4.3100000000000005,A,['A']
1AG2,T66V,-0.17,A,['A']
1AG2,F74S,-2.28,A,['A']
1AG2,E76K,-0.17,A,['A']
1AG2,R84H,-1.27,A,['A']
1AG2,V86I,-0.18,A,['A']
1AG2,Q93R,-2.015,A,['A']
1HRC,H25V,-3.8,A,['A']
1HRC,P29A,-5.7,A,['A']
1HRC,P29V,-5.0,A,['A']
1HRC,H32F,0.7,A,['A']
1HRC,H32N,0.6666666666666666,A,['A']
1HRC,N51I,-3.1,A,['A']
1HRC,Y66F,-2.3,A,['A']
1HRC,L93A,-3.5,A,['A']
1HRC,L93I,0.2,A,['A']
1HRC,L93V,-0.8,A,['A']
1BVC,E3A,-0.625,A,['A']
1BVC,W6F,-0.6333333333333334,A,['A']
1BVC,Q7A,0.965,A,['A']
1BVC,Q7G,-0.565,A,['A']
1BVC,L8A,-0.4,A,['A']
1BVC,L10A,-0.4,A,['A']
1BVC,V12A,-0.6,A,['A']
1BVC,W13F,-0.7333333333333334,A,['A']
1BVC,A14L,0.1,A,['A']
1BVC,E17A,-0.6,A,['A']
1BVC,G22A,-1.1,A,['A']
1BVC,H23V,-0.26,A,['A']
1BVC,I27A,1.2,A,['A']
1BVC,I27L,-0.6,A,['A']
1BVC,I27M,-0.6,A,['A']
1BVC,I27V,-0.0,A,['A']
1BVC,L28A,-0.8,A,['A']
1BVC,L28I,-1.1,A,['A']
1BVC,L28M,0.1,A,['A']
1BVC,L28V,-1.7,A,['A']
1BVC,I29A,-1.9,A,['A']
1BVC,L31A,-2.04,A,['A']
1BVC,H35Q,-0.58,A,['A']
1BVC,D43A,-0.175,A,['A']
1BVC,H47Q,-0.4066666666666667,A,['A']
1BVC,L48I,-0.8,A,['A']
1BVC,T50A,-1.4,A,['A']
1BVC,K55A,-0.225,A,['A']
1BVC,D59A,-0.125,A,['A']
1BVC,H63Q,-0.3166666666666666,A,['A']
1BVC,G64A,-0.1,A,['A']
1BVC,V65A,0.8,A,['A']
1BVC,T66A,-0.3,A,['A']
1BVC,V67T,-0.3999999999999999,A,['A']
1BVC,L68A,-1.2,A,['A']
1BVC,L68I,-0.0,A,['A']
1BVC,L68M,-0.0,A,['A']
1BVC,L68V,-0.1,A,['A']
1BVC,K76A,-0.035,A,['A']
1BVC,H80Q,-0.0,A,['A']
1BVC,H81Q,-0.025,A,['A']
1BVC,P87A,0.6,A,['A']
1BVC,H92G,0.02,A,['A']
1BVC,H96Q,-0.055,A,['A']
1BVC,F105A,-0.7,A,['A']
1BVC,E108A,0.2575,A,['A']
1BVC,E108G,-0.9166666666666666,A,['A']
1BVC,I110A,-1.8,A,['A']
1BVC,I110L,-0.6,A,['A']
1BVC,I110M,-1.1,A,['A']
1BVC,H112Q,0.0133333333333333,A,['A']
1BVC,V113A,-1.4,A,['A']
1BVC,L114A,-1.4,A,['A']
1BVC,H115A,0.2,A,['A']
1BVC,S116A,-0.3,A,['A']
1BVC,H118F,-0.3399999999999999,A,['A']
1BVC,F122A,-1.1,A,['A']
1BVC,F122K,-1.4,A,['A']
1BVC,F122T,-3.05,A,['A']
1BVC,A124L,0.6,A,['A']
1BVC,G128A,1.1,A,['A']
1BVC,A129K,-3.7,A,['A']
1BVC,A129L,-2.3,A,['A']
1BVC,M130A,-1.4666666666666668,A,['A']
1BVC,L134A,-1.7,A,['A']
1BVC,L134I,-1.5,A,['A']
1BVC,L134M,-0.8,A,['A']
1BVC,L134V,-2.2,A,['A']
1BVC,L136A,-1.4,A,['A']
1BVC,K139A,0.4375,A,['A']
1BVC,I141A,-1.9,A,['A']
1BVC,I141L,0.6,A,['A']
1BVC,I141M,0.9,A,['A']
1BVC,I141V,-0.1,A,['A']
1BVC,A143L,0.4,A,['A']
1BVC,L148A,-1.6,A,['A']
1IMQ,V18L,-1.82,A,['A']
1IMQ,A24G,-0.14,A,['A']
1IMQ,T26G,-1.4,A,['A']
1IMQ,E30L,-0.67,A,['A']
1IMQ,V33L,0.33,A,['A']
1IMQ,V36L,-0.26,A,['A']
1IMQ,E40V,0.88,A,['A']
1IMQ,V67I,-0.81,A,['A']
1IMQ,V70I,0.07,A,['A']
5DFR,I1V,-0.6,A,['A']
5DFR,G14A,0.55,A,['A']
5DFR,P15L,-0.1,A,['A']
5DFR,W16L,0.2,A,['A']
5DFR,L18V,-1.6,A,['A']
5DFR,D21N,1.2999999999999998,A,['A']
5DFR,L22R,1.15,A,['A']
5DFR,W24A,-2.165,A,['A']
5DFR,W24E,-2.645,A,['A']
5DFR,W24H,-2.59,A,['A']
5DFR,W24M,-1.965,A,['A']
5DFR,W24N,-2.31,A,['A']
5DFR,W24R,-2.295,A,['A']
5DFR,W24S,-2.52,A,['A']
5DFR,W24Y,-1.98,A,['A']
5DFR,F25A,-1.7999999999999998,A,['A']
5DFR,F25V,-1.5,A,['A']
5DFR,T29A,-1.1,A,['A']
5DFR,V34A,-1.3325,A,['A']
5DFR,V34F,-2.075,A,['A']
5DFR,V34H,-3.035,A,['A']
5DFR,V34I,-0.675,A,['A']
5DFR,V34L,-1.0750000000000002,A,['A']
5DFR,V34M,-1.65,A,['A']
5DFR,V34N,-1.985,A,['A']
5DFR,V34R,-1.56,A,['A']
5DFR,V34S,-2.26,A,['A']
5DFR,G37A,-0.45,A,['A']
5DFR,R38A,-1.15,A,['A']
5DFR,R38L,1.2333333333333334,A,['A']
5DFR,L48V,0.35,A,['A']
5DFR,N53C,-0.11,A,['A']
5DFR,N53E,-1.745,A,['A']
5DFR,N53G,-2.46,A,['A']
5DFR,N53H,-1.275,A,['A']
5DFR,N53I,-0.105,A,['A']
5DFR,N53K,-1.91,A,['A']
5DFR,N53L,-0.015,A,['A']
5DFR,N53M,-0.185,A,['A']
5DFR,N53P,-1.34,A,['A']
5DFR,N53Q,-0.61,A,['A']
5DFR,N53S,-1.59,A,['A']
5DFR,N53T,-0.21,A,['A']
5DFR,N53V,0.31,A,['A']
5DFR,N53W,-1.2000000000000002,A,['A']
5DFR,I55L,-0.4,A,['A']
5DFR,I55V,0.46,A,['A']
5DFR,P60A,1.3,A,['A']
5DFR,G61A,0.31,A,['A']
5DFR,G61C,-0.43,A,['A']
5DFR,G61D,-0.37,A,['A']
5DFR,G61L,-0.47,A,['A']
5DFR,G61S,0.185,A,['A']
5DFR,G61T,-0.4049999999999999,A,['A']
5DFR,G61V,-0.82,A,['A']
5DFR,W68F,-1.2,A,['A']
5DFR,V69A,-0.15,A,['A']
5DFR,V69C,-0.15,A,['A']
5DFR,V69H,-1.96,A,['A']
5DFR,V69I,-1.5266666666666668,A,['A']
5DFR,V69R,-2.0,A,['A']
5DFR,V69S,-1.0,A,['A']
5DFR,V69Y,-1.7999999999999998,A,['A']
5DFR,C79S,-1.0,A,['A']
5DFR,V82A,0.3,A,['A']
5DFR,V82I,-0.595,A,['A']
5DFR,I85L,-1.605,A,['A']
5DFR,I85V,-1.28,A,['A']
5DFR,I88L,-0.6,A,['A']
5DFR,I88V,-0.7,A,['A']
5DFR,G89A,1.1,A,['A']
5DFR,L106I,-0.2,A,['A']
5DFR,L106V,-1.5499999999999998,A,['A']
5DFR,T107V,-1.05,A,['A']
5DFR,I109A,-1.0,A,['A']
5DFR,I109V,1.6,A,['A']
5DFR,G115A,0.25,A,['A']
5DFR,G115C,0.145,A,['A']
5DFR,G115D,0.245,A,['A']
5DFR,G115H,-0.355,A,['A']
5DFR,G115L,-0.5275,A,['A']
5DFR,G115S,0.055,A,['A']
5DFR,G115V,-1.0775,A,['A']
5DFR,G115Y,-0.35,A,['A']
5DFR,D116A,-1.3,A,['A']
5DFR,W127F,-0.0,A,['A']
5DFR,W127V,-2.87,A,['A']
5DFR,E133K,-1.59,A,['A']
5DFR,E133Q,-0.8866666666666667,A,['A']
5DFR,A139T,-0.27,A,['A']
5DFR,S142A,-0.435,A,['A']
5DFR,S142E,-0.56,A,['A']
5DFR,S142K,-0.33,A,['A']
5DFR,S142N,-0.895,A,['A']
5DFR,S142P,-0.26,A,['A']
5DFR,S142R,-0.725,A,['A']
5DFR,S142T,-0.455,A,['A']
5DFR,S142V,-0.315,A,['A']
5DFR,C146E,-1.0,A,['A']
5DFR,I149A,-2.83,A,['A']
5DFR,I149D,-3.65,A,['A']
5DFR,I149E,-2.93,A,['A']
5DFR,I149K,-3.0250000000000004,A,['A']
5DFR,I149L,-1.92625,A,['A']
5DFR,I149Q,-3.43,A,['A']
5DFR,I149R,-2.94,A,['A']
5DFR,I149S,-3.515,A,['A']
5DFR,I149T,-1.81,A,['A']
5DFR,I149V,-0.2933333333333333,A,['A']
5DFR,I149W,-3.755,A,['A']
5DFR,I149Y,-3.27,A,['A']
1IO2,I5A,-2.92,A,['A']
1IO2,D6N,1.085,A,['A']
1IO2,E7A,2.35,A,['A']
1IO2,E7Q,0.8999999999999999,A,['A']
1IO2,I14A,-2.13,A,['A']
1IO2,I19A,-4.42,A,['A']
1IO2,L32A,-4.54,A,['A']
1IO2,I55A,-3.97,A,['A']
1IO2,L91A,-2.87,A,['A']
1IO2,I101A,-4.04,A,['A']
1IO2,D104A,1.64,A,['A']
1IO2,L117A,-5.26,A,['A']
1IO2,D134A,2.18,A,['A']
1IO2,L146A,-2.61,A,['A']
2HPR,S44D,0.72,A,['A']
2HPR,G47A,0.8500000000000001,A,['A']
2HPR,G47E,1.2999999999999998,A,['A']
2HPR,G47K,-0.9,A,['A']
2SIL,A51L,0.8366666666666666,A,['A']
2SIL,A67V,0.5733333333333334,A,['A']
2Q98,H18A,1.29,A,['A']
2Q98,H21A,2.05,A,['A']
2Q98,H37A,1.55,A,['A']
2Q98,H50A,-0.02,A,['A']
2Q98,H88A,0.33,A,['A']
2Q98,H129A,0.58,A,['A']
2Q98,H164A,-0.35,A,['A']
2Q98,H171A,-0.04,A,['A']
2Q98,H186A,0.12,A,['A']
4BLM,S92C,-0.125,A,['A']
4BLM,S229C,-1.625,A,['A']
2ABD,F4A,-2.575,A,['A']
2ABD,A7G,-1.9,A,['A']
2ABD,A8G,-1.905,A,['A']
2ABD,V11A,-1.596666666666667,A,['A']
2ABD,L14A,-3.323333333333333,A,['A']
2ABD,P18A,-0.9933333333333332,A,['A']
2ABD,D20A,0.0066666666666666,A,['A']
2ABD,D20H,-0.56,A,['A']
2ABD,L24A,-1.535,A,['A']
2ABD,F25A,-1.665,A,['A']
2ABD,Y27A,-2.563333333333333,A,['A']
2ABD,Y27F,-1.1733333333333336,A,['A']
2ABD,Y27N,-2.3666666666666667,A,['A']
2ABD,Y30N,-1.3975000000000002,A,['A']
2ABD,K31A,-1.3099999999999998,A,['A']
2ABD,K31E,-1.5833333333333333,A,['A']
2ABD,K31R,-2.016666666666667,A,['A']
2ABD,Q32A,-3.4225,A,['A']
2ABD,A33G,-1.3166666666666669,A,['A']
2ABD,T34A,-1.2675,A,['A']
2ABD,I38A,-1.06,A,['A']
2ABD,P43A,-1.3099999999999998,A,['A']
2ABD,K51M,0.32,A,['A']
2ABD,K53A,-1.0925,A,['A']
2ABD,K53M,-0.0124999999999999,A,['A']
2ABD,E66A,-0.5866666666666668,A,['A']
2ABD,A68G,-1.925,A,['A']
2ABD,Y72A,-4.68,A,['A']
2ABD,Y72F,0.1333333333333333,A,['A']
2ABD,I73A,-1.52,A,['A']
2ABD,V76A,-1.3949999999999998,A,['A']
2ABD,L79A,-4.1425,A,['A']
1HMS,F3S,-3.7,A,['A']
1HMS,W7E,-3.8,A,['A']
1HMS,F15S,-4.0,A,['A']
1HMS,F15Y,-3.02,A,['A']
1HMS,K20I,-0.0,A,['A']
1HMS,T38E,-2.4,A,['A']
1HMS,T38Q,-2.7,A,['A']
1HMS,T38V,-0.8,A,['A']
1HMS,T39E,-3.27,A,['A']
1HMS,T39Q,-4.37,A,['A']
1HMS,T39V,-1.84,A,['A']
1HMS,F56S,-3.015,A,['A']
1HMS,F63S,-3.8,A,['A']
1HMS,L65G,-3.7,A,['A']
1HMS,G66S,-1.2,A,['A']
1HMS,E71S,-3.7,A,['A']
1HMS,R105T,-3.17,A,['A']
1HMS,R125K,-3.98,A,['A']
1HMS,R125Q,-0.4599999999999999,A,['A']
1HMS,Y127F,-3.26,A,['A']
4LYZ,F2Y,-0.45,A,['A']
4LYZ,M11F,0.28,A,['A']
4LYZ,M11L,-0.385,A,['A']
4LYZ,K12D,-7.345000000000001,A,['A']
4LYZ,H14L,0.76,A,['A']
4LYZ,N18K,-1.06,A,['A']
4LYZ,R20Q,-0.15,A,['A']
4LYZ,A30I,1.4,A,['A']
4LYZ,A30L,1.8,A,['A']
4LYZ,A30V,1.2,A,['A']
4LYZ,F33Y,0.19,A,['A']
4LYZ,E34A,1.77,A,['A']
4LYZ,E34H,-0.61,A,['A']
4LYZ,E34Q,0.48,A,['A']
4LYZ,T39I,-2.2,A,['A']
4LYZ,T39S,-0.27,A,['A']
4LYZ,N45D,-0.84,A,['A']
4LYZ,G48A,1.92,A,['A']
4LYZ,G48N,-1.48,A,['A']
4LYZ,I54A,-4.4,A,['A']
4LYZ,I54F,-2.46,A,['A']
4LYZ,I54L,-0.45,A,['A']
4LYZ,I54M,-2.27,A,['A']
4LYZ,I54T,-4.96,A,['A']
4LYZ,I54V,-0.91,A,['A']
4LYZ,I57M,-1.18,A,['A']
4LYZ,G66A,1.27,A,['A']
4LYZ,R67K,-0.04,A,['A']
4LYZ,P69N,-2.583333333333333,A,['A']
4LYZ,G70A,-1.24,A,['A']
4LYZ,R72K,0.23,A,['A']
4LYZ,N76H,-0.38,A,['A']
4LYZ,I77M,-0.9,A,['A']
4LYZ,S90A,-0.15,A,['A']
4LYZ,S90D,-2.31,A,['A']
4LYZ,S90T,0.99,A,['A']
4LYZ,S90V,-0.08,A,['A']
4LYZ,S90Y,-3.07,A,['A']
4LYZ,C93A,-5.390000000000001,A,['A']
4LYZ,I97M,-0.9,A,['A']
4LYZ,D100A,0.76,A,['A']
4LYZ,D100E,-0.0,A,['A']
4LYZ,D100F,0.72,A,['A']
4LYZ,D100G,0.45,A,['A']
4LYZ,D100K,0.19,A,['A']
4LYZ,D100N,0.04,A,['A']
4LYZ,D100P,-2.4,A,['A']
4LYZ,D100Q,-0.08,A,['A']
4LYZ,D100R,0.27,A,['A']
4LYZ,D100S,0.87,A,['A']
4LYZ,G101A,0.61,A,['A']
4LYZ,G101P,-0.1,A,['A']
4LYZ,G101R,0.38,A,['A']
4LYZ,G101V,-0.04,A,['A']
4LYZ,N102D,0.62,A,['A']
4LYZ,M104T,-0.62,A,['A']
4LYZ,W107Q,-3.44,A,['A']
4LYZ,W107Y,-1.31,A,['A']
4LYZ,R113H,0.68,A,['A']
4LYZ,G116A,-1.13,A,['A']
4LYZ,T117P,-2.0,A,['A']
4LYZ,Q120H,-0.45,A,['A']
1BTA,I4V,1.0,A,['A']
1BTA,L15V,1.1,A,['A']
1BTA,K20A,-1.0666666666666669,A,['A']
1BTA,K20Q,-0.95,A,['A']
1BTA,K21Q,-0.8,A,['A']
1BTA,L33V,1.1,A,['A']
1BTA,C39A,0.1,A,['A']
1BTA,L50V,0.6,A,['A']
1BTA,E56K,-0.6666666666666666,A,['A']
1BTA,K59E,-1.12,A,['A']
1BTA,K59L,0.6666666666666666,A,['A']
1BTA,R74L,0.75,A,['A']
1BTA,R74Q,-0.35,A,['A']
1BTA,K77A,-0.025,A,['A']
1BTA,K77Q,0.35,A,['A']
1BTA,C81A,-0.1,A,['A']
1KF2,A3S,-0.4466666666666666,A,['A']
1KF2,A4S,-0.0466666666666666,A,['A']
1KF2,F45A,-6.36,A,['A']
1KF2,F45L,-3.2,A,['A']
1KF2,F45V,-4.52,A,['A']
1KF2,V46A,-3.75,A,['A']
1KF2,V46G,-7.34,A,['A']
1KF2,V53A,-2.59,A,['A']
1KF2,V53G,-4.885,A,['A']
1KF2,V53I,-1.925,A,['A']
1KF2,V53L,-1.0950000000000002,A,['A']
1KF2,V56A,-2.875,A,['A']
1KF2,V56G,-5.51,A,['A']
1KF2,V56I,-1.3,A,['A']
1KF2,V56L,-2.385,A,['A']
1KF2,V62A,-2.01,A,['A']
1KF2,V62G,-3.5,A,['A']
1KF2,A63G,-0.415,A,['A']
1KF2,N66D,0.6,A,['A']
1KF2,S74A,-2.5,A,['A']
1KF2,S74T,-2.8,A,['A']
1KF2,I80A,-2.9225000000000003,A,['A']
1KF2,I80G,-4.8,A,['A']
1KF2,I80L,-2.2,A,['A']
1KF2,I80V,-0.31,A,['A']
1KF2,P92A,-2.7,A,['A']
1KF2,P92G,-2.4000000000000004,A,['A']
1KF2,P92S,-2.1,A,['A']
1KF2,Y96A,-12.0,A,['A']
1KF2,Y96F,-3.52,A,['A']
1KF2,Y96G,-11.7,A,['A']
1KF2,I105A,-4.385,A,['A']
1KF2,I105L,-1.795,A,['A']
1KF2,I105V,-0.8,A,['A']
1KF2,I106A,-2.84,A,['A']
1KF2,I106L,-2.19,A,['A']
1KF2,I106V,-0.08,A,['A']
1KF2,V107A,-4.2,A,['A']
1KF2,V107G,-7.28,A,['A']
1KF2,V107I,-0.415,A,['A']
1KF2,V107L,-0.7,A,['A']
1KF2,A108G,-0.415,A,['A']
1KF2,P113A,-3.2,A,['A']
1KF2,P113G,-3.45,A,['A']
1KF2,V115A,-0.6799999999999999,A,['A']
1KF2,V115G,-1.19,A,['A']
1KF2,V117A,-1.91,A,['A']
1KF2,V117G,-2.785,A,['A']
1KF2,H118A,0.2,A,['A']
1KF2,D120A,-2.2,A,['A']
1KF2,D120N,-1.9,A,['A']
1KF2,S122A,0.7699999999999999,A,['A']
1ISP,A13S,0.18,A,['A']
1ISP,F15T,0.52,A,['A']
1ISP,R31P,0.04,A,['A']
1ISP,T45S,0.96,A,['A']
1ISP,G78S,0.11,A,['A']
1ISP,T107V,0.34,A,['A']
1ISP,L112P,0.23,A,['A']
1ISP,A130D,-0.41,A,['A']
1ISP,M132D,0.16,A,['A']
1ISP,M132E,1.0366666666666666,A,['A']
1ISP,M132R,0.25,A,['A']
1ISP,M135P,1.4866666666666664,A,['A']
1ISP,G153S,1.05,A,['A']
1ISP,I155M,0.55,A,['A']
1ISP,Y159N,-0.09,A,['A']
1ISP,S161P,-1.175,A,['A']
1ISP,N172T,0.36,A,['A']
1HME,S32H,-1.6833333333333331,A,['A']
1HME,I33H,-0.91,A,['A']
1HME,G34H,0.0099999999999999,A,['A']
1HME,N46H,0.3,A,['A']
1C2R,K11D,-1.2000000000000002,A,['A']
1C2R,K13E,-1.1,A,['A']
1C2R,K31E,0.3,A,['A']
1C2R,G33S,-2.2,A,['A']
1C2R,P34A,-2.0,A,['A']
1C2R,Y74C,-1.5166666666666666,A,['A']
1C2R,Y74F,-0.33,A,['A']
1GV2,V14A,-2.32,A,['A']
1GV2,V14I,0.69,A,['A']
1GV2,V14L,2.1,A,['A']
1ANK,D83H,-1.4,A,['A']
1ANK,G84V,-2.4,A,['A']
1ANK,F85L,-0.8,A,['A']
1ANK,R87G,-0.15,A,['A']
1HZ6,V6A,-1.3,A,['A']
1HZ6,T7A,-1.8,A,['A']
1HZ6,I8A,-4.5,A,['A']
1HZ6,I8V,-0.6,A,['A']
1HZ6,K9A,-0.9,A,['A']
1HZ6,A10G,-2.4,A,['A']
1HZ6,N11A,-1.8,A,['A']
1HZ6,L12A,-2.7,A,['A']
1HZ6,I13A,-1.3,A,['A']
1HZ6,I13V,-0.4,A,['A']
1HZ6,F14A,-2.9,A,['A']
1HZ6,F14L,-0.6,A,['A']
1HZ6,A15P,-0.1,A,['A']
1HZ6,A15V,-1.1,A,['A']
1HZ6,N16A,-1.7,A,['A']
1HZ6,G17A,-1.6,A,['A']
1HZ6,G17V,-2.7,A,['A']
1HZ6,S18A,-0.2,A,['A']
1HZ6,T19A,-1.2,A,['A']
1HZ6,T21A,-1.0,A,['A']
1HZ6,A22G,-2.1,A,['A']
1HZ6,A22V,1.1,A,['A']
1HZ6,E23A,-0.7,A,['A']
1HZ6,F24A,-5.2,A,['A']
1HZ6,F24L,-3.3,A,['A']
1HZ6,K25A,-0.9,A,['A']
1HZ6,G26A,-1.9,A,['A']
1HZ6,T27A,-1.1,A,['A']
1HZ6,F28G,-3.1,A,['A']
1HZ6,F28L,-0.4,A,['A']
1HZ6,K30G,-0.0,A,['A']
1HZ6,A31G,-2.5,A,['A']
1HZ6,T32A,-1.2,A,['A']
1HZ6,S33A,0.3,A,['A']
1HZ6,S33G,-0.8,A,['A']
1HZ6,E34A,-0.2,A,['A']
1HZ6,A35G,-0.6,A,['A']
1HZ6,Y36A,-1.5,A,['A']
1HZ6,Y36L,0.4,A,['A']
1CEY,D10A,2.5,A,['A']
1CEY,D11A,2.7,A,['A']
1CEY,F12N,2.6,A,['A']
1CEY,A46G,0.15,A,['A']
1CEY,D55A,3.3,A,['A']
1CEY,A72G,-0.3,A,['A']
1CEY,A75G,-0.3,A,['A']
1CEY,A78G,0.5,A,['A']
1CEY,A86G,0.05,A,['A']
1CEY,A88G,0.4,A,['A']
1CEY,A97G,-0.5,A,['A']
1CEY,A99G,-0.95,A,['A']
1CEY,A111G,-0.8,A,['A']
1CEY,A112G,-0.5,A,['A']
1C52,M68A,5.0,A,['A']
1C52,M68H,-0.7,A,['A']
1RTP,A19P,-0.5,1,['1']
1RTP,A20P,-0.485,1,['1']
1RTP,H25P,1.25,1,['1']
1RTP,K79S,-0.29,1,['1']
1KE4,Y146F,-1.125,A,['A']
1AEP,L8K,-1.28,A,['A']
1AEP,T22A,0.55,A,['A']
1AEP,A131K,-1.545,A,['A']
1AEP,T135A,-1.16,A,['A']
1A5E,W14D,0.17,A,['A']
1A5E,L36S,0.755,A,['A']
1A5E,L120R,0.63,A,['A']
1HGU,S67A,-1.05,A,['A']
1HGU,S67Q,-1.35,A,['A']
1HGU,S67T,0.0499999999999999,A,['A']
1HGU,S67V,-1.25,A,['A']
2LZM,I2A,-0.7,A,['A']
2LZM,I2C,0.1333333333333333,A,['A']
2LZM,I2D,-3.2,A,['A']
2LZM,I2E,-2.0,A,['A']
2LZM,I2F,-1.1,A,['A']
2LZM,I2G,-2.1,A,['A']
2LZM,I2L,0.4,A,['A']
2LZM,I2M,-0.9,A,['A']
2LZM,I2P,-2.53,A,['A']
2LZM,I2S,-1.7,A,['A']
2LZM,I2T,-2.3,A,['A']
2LZM,I2V,-0.4,A,['A']
2LZM,I2W,-2.8,A,['A']
2LZM,I2Y,-2.3,A,['A']
2LZM,M5A,-1.4,A,['A']
2LZM,M5I,-4.78,A,['A']
2LZM,M5L,-3.9,A,['A']
2LZM,L6A,-3.9,A,['A']
2LZM,E10A,1.1,A,['A']
2LZM,E10F,1.7,A,['A']
2LZM,E10H,0.3999999999999999,A,['A']
2LZM,E10M,1.6,A,['A']
2LZM,E10N,-0.75,A,['A']
2LZM,R13A,-3.0,A,['A']
2LZM,R13K,-0.0,A,['A']
2LZM,K15E,-0.5,A,['A']
2LZM,I16A,-3.25,A,['A']
2LZM,I16M,-2.75,A,['A']
2LZM,D19A,-0.4,A,['A']
2LZM,D19N,1.2000000000000002,A,['A']
2LZM,D19S,0.4499999999999999,A,['A']
2LZM,D19T,0.75,A,['A']
2LZM,E21K,0.6,A,['A']
2LZM,Y23A,-5.5,A,['A']
2LZM,Y24G,-4.55,A,['A']
2LZM,T25S,0.6,A,['A']
2LZM,I26A,-3.15,A,['A']
2LZM,I26M,-5.1,A,['A']
2LZM,G27A,-2.0,A,['A']
2LZM,I28A,-2.6,A,['A']
2LZM,G29A,0.1,A,['A']
2LZM,G29F,-1.5,A,['A']
2LZM,H30N,-4.0,A,['A']
2LZM,L31A,-3.0,A,['A']
2LZM,L32A,-4.05,A,['A']
2LZM,L32M,-2.3,A,['A']
2LZM,T33A,-0.2,A,['A']
2LZM,P36A,-0.0,A,['A']
2LZM,S37A,-0.77,A,['A']
2LZM,S37D,-1.2,A,['A']
2LZM,S37N,-0.0,A,['A']
2LZM,L38A,-0.9,A,['A']
2LZM,L38P,-2.8,A,['A']
2LZM,N39A,0.06,A,['A']
2LZM,N39D,0.4,A,['A']
2LZM,A40D,0.3,A,['A']
2LZM,A40S,-0.7,A,['A']
2LZM,A40V,0.25,A,['A']
2LZM,A41F,-5.2,A,['A']
2LZM,A41G,-3.2,A,['A']
2LZM,A41I,-4.4,A,['A']
2LZM,A41K,-3.7,A,['A']
2LZM,A41L,-5.1,A,['A']
2LZM,A41S,-2.45,A,['A']
2LZM,A41V,-3.5,A,['A']
2LZM,K42A,-1.6150000000000002,A,['A']
2LZM,S43A,-0.03,A,['A']
2LZM,S43C,-0.11,A,['A']
2LZM,S43D,-0.11,A,['A']
2LZM,S43E,-0.0,A,['A']
2LZM,S43F,0.06,A,['A']
2LZM,S43G,-0.53,A,['A']
2LZM,S43H,0.04,A,['A']
2LZM,S43I,0.31,A,['A']
2LZM,S43K,0.2,A,['A']
2LZM,S43L,0.39,A,['A']
2LZM,S43M,0.33,A,['A']
2LZM,S43N,-0.14,A,['A']
2LZM,S43P,-3.03,A,['A']
2LZM,S43Q,0.27,A,['A']
2LZM,S43R,0.24,A,['A']
2LZM,S43T,0.01,A,['A']
2LZM,S43V,0.1,A,['A']
2LZM,S43W,0.05,A,['A']
2LZM,S43Y,0.19,A,['A']
2LZM,E44A,0.155,A,['A']
2LZM,L45A,-3.03,A,['A']
2LZM,D46A,-1.275,A,['A']
2LZM,K47A,-1.23,A,['A']
2LZM,A48S,-0.45,A,['A']
2LZM,I49A,-2.9,A,['A']
2LZM,I49M,-0.8,A,['A']
2LZM,G50D,-2.63,A,['A']
2LZM,N52A,-0.8,A,['A']
2LZM,C53T,0.3,A,['A']
2LZM,C53V,-0.7,A,['A']
2LZM,C53Y,-5.02,A,['A']
2LZM,N54G,-0.6,A,['A']
2LZM,I57A,-3.2,A,['A']
2LZM,I57T,-3.4,A,['A']
2LZM,I57Y,-3.11,A,['A']
2LZM,T58A,-1.5,A,['A']
2LZM,T58D,-1.2,A,['A']
2LZM,T58G,-1.6,A,['A']
2LZM,T58N,-1.1,A,['A']
2LZM,T58S,-0.2,A,['A']
2LZM,T58V,-1.5,A,['A']
2LZM,K59H,-0.1,A,['A']
2LZM,K59P,-0.0,A,['A']
2LZM,L65A,-4.199999999999999,A,['A']
2LZM,L65M,-1.0,A,['A']
2LZM,L65P,-9.665,A,['A']
2LZM,F66A,-1.9,A,['A']
2LZM,N67A,-0.05,A,['A']
2LZM,Q68P,-2.9,A,['A']
2LZM,V70A,-1.5,A,['A']
2LZM,D71P,-2.7,A,['A']
2LZM,A72S,-0.35,A,['A']
2LZM,A73P,-4.6,A,['A']
2LZM,V74T,-0.9,A,['A']
2LZM,G76A,-1.2,A,['A']
2LZM,I77A,-0.8999999999999999,A,['A']
2LZM,I77M,-1.5,A,['A']
2LZM,I77V,-0.7,A,['A']
2LZM,R79K,-0.2,A,['A']
2LZM,A81P,-0.72,A,['A']
2LZM,A81S,-0.25,A,['A']
2LZM,K82H,-0.4,A,['A']
2LZM,L83A,-3.6,A,['A']
2LZM,L83M,-1.9,A,['A']
2LZM,K84A,-0.6,A,['A']
2LZM,P85A,-0.4,A,['A']
2LZM,P85G,-1.91,A,['A']
2LZM,V86A,-2.8,A,['A']
2LZM,V86I,-0.6,A,['A']
2LZM,V86M,-2.25,A,['A']
2LZM,V86T,-1.4,A,['A']
2LZM,D88A,-0.5,A,['A']
2LZM,S89H,-1.1,A,['A']
2LZM,L90A,-2.4000000000000004,A,['A']
2LZM,L90M,-0.8,A,['A']
2LZM,L90P,-9.603333333333332,A,['A']
2LZM,D91N,-1.4,A,['A']
2LZM,A92P,0.1,A,['A']
2LZM,A92S,-0.15,A,['A']
2LZM,A92T,0.1,A,['A']
2LZM,V93A,-1.8,A,['A']
2LZM,R95A,-2.0,A,['A']
2LZM,R95C,-2.9,A,['A']
2LZM,R95D,-3.5,A,['A']
2LZM,R95E,-2.5,A,['A']
2LZM,R95F,-4.2,A,['A']
2LZM,R95G,-2.6,A,['A']
2LZM,R95H,-2.8,A,['A']
2LZM,R95I,-2.9,A,['A']
2LZM,R95K,-0.0,A,['A']
2LZM,R95L,-3.2,A,['A']
2LZM,R95M,-2.7,A,['A']
2LZM,R95N,-3.0,A,['A']
2LZM,R95P,-5.5,A,['A']
2LZM,R95Q,-0.3,A,['A']
2LZM,R95S,-2.6,A,['A']
2LZM,R95T,-2.8,A,['A']
2LZM,R95V,-2.4,A,['A']
2LZM,R95W,-4.5,A,['A']
2LZM,R95Y,-4.7,A,['A']
2LZM,A97C,-1.1,A,['A']
2LZM,A97M,-4.0,A,['A']
2LZM,A97S,-2.3,A,['A']
2LZM,A97T,-3.83,A,['A']
2LZM,A97V,-5.02,A,['A']
2LZM,L98A,-3.9,A,['A']
2LZM,L98F,-0.3,A,['A']
2LZM,L98G,-6.3,A,['A']
2LZM,L98I,-1.5,A,['A']
2LZM,L98M,-0.0999999999999999,A,['A']
2LZM,L98V,-2.0,A,['A']
2LZM,I99A,-2.1,A,['A']
2LZM,I99M,-1.6,A,['A']
2LZM,I99V,-0.4,A,['A']
2LZM,N100A,-1.5,A,['A']
2LZM,M101A,-2.85,A,['A']
2LZM,M101K,-6.0,A,['A']
2LZM,M101L,-0.82,A,['A']
2LZM,M101V,-3.3000000000000003,A,['A']
2LZM,V102A,-1.91,A,['A']
2LZM,V102I,-0.3,A,['A']
2LZM,V102M,-1.2,A,['A']
2LZM,F103A,-2.6500000000000004,A,['A']
2LZM,F103M,-0.75,A,['A']
2LZM,Q104A,-0.6,A,['A']
2LZM,Q104E,-1.1,A,['A']
2LZM,Q104G,-3.11,A,['A']
2LZM,Q104M,-1.2,A,['A']
2LZM,M105A,-1.95,A,['A']
2LZM,M105I,-0.0,A,['A']
2LZM,M105K,-3.45,A,['A']
2LZM,M105L,0.25,A,['A']
2LZM,E107V,0.5,A,['A']
2LZM,T108D,-0.0,A,['A']
2LZM,T108N,0.1,A,['A']
2LZM,V110A,-0.95,A,['A']
2LZM,V110F,-1.6949999999999998,A,['A']
2LZM,V110I,-0.825,A,['A']
2LZM,V110M,-0.55,A,['A']
2LZM,G112A,0.3,A,['A']
2LZM,G112E,0.3,A,['A']
2LZM,T114A,-0.14,A,['A']
2LZM,T114E,0.3,A,['A']
2LZM,N115A,0.17,A,['A']
2LZM,N115D,0.6,A,['A']
2LZM,S116A,1.27,A,['A']
2LZM,S116F,1.1,A,['A']
2LZM,S116I,1.7,A,['A']
2LZM,S116V,2.0,A,['A']
2LZM,L117A,-2.95,A,['A']
2LZM,L117I,-1.2,A,['A']
2LZM,L117M,-0.7,A,['A']
2LZM,R118A,-0.18,A,['A']
2LZM,R118E,-0.04,A,['A']
2LZM,R118H,-0.3,A,['A']
2LZM,R118M,0.1,A,['A']
2LZM,M119A,-0.2,A,['A']
2LZM,M119K,-1.8,A,['A']
2LZM,M119L,0.45,A,['A']
2LZM,M119Y,-0.7,A,['A']
2LZM,L120A,-4.2,A,['A']
2LZM,L120I,-1.3,A,['A']
2LZM,L120M,-0.8,A,['A']
2LZM,Q121A,-0.24,A,['A']
2LZM,Q122A,-0.22,A,['A']
2LZM,Q122E,0.4,A,['A']
2LZM,K123G,-0.1,A,['A']
2LZM,W125R,-5.74,A,['A']
2LZM,D126A,0.2,A,['A']
2LZM,E127A,0.16,A,['A']
2LZM,E127K,-1.23,A,['A']
2LZM,A128F,-1.9,A,['A']
2LZM,A128L,-1.3,A,['A']
2LZM,A128M,-2.2,A,['A']
2LZM,A128V,-0.7,A,['A']
2LZM,A128W,-3.2,A,['A']
2LZM,A129G,-2.1,A,['A']
2LZM,A129S,-0.9,A,['A']
2LZM,V130A,0.39,A,['A']
2LZM,V130D,0.08,A,['A']
2LZM,V130E,0.2,A,['A']
2LZM,V130G,-0.68,A,['A']
2LZM,V130I,0.16,A,['A']
2LZM,V130L,0.09,A,['A']
2LZM,V130M,0.12,A,['A']
2LZM,V130S,-0.05,A,['A']
2LZM,V130T,-0.12,A,['A']
2LZM,N131F,1.3,A,['A']
2LZM,N131I,1.2,A,['A']
2LZM,N131M,1.5,A,['A']
2LZM,L132A,-4.3,A,['A']
2LZM,L132D,-6.6,A,['A']
2LZM,L132F,-0.3,A,['A']
2LZM,L132M,-0.4,A,['A']
2LZM,A133S,-0.15,A,['A']
2LZM,K134E,-1.0,A,['A']
2LZM,W137Y,-2.29,A,['A']
2LZM,P142A,-1.0,A,['A']
2LZM,N143D,0.5,A,['A']
2LZM,N143E,0.5,A,['A']
2LZM,N143H,-0.0,A,['A']
2LZM,A145I,-4.31,A,['A']
2LZM,A145T,-2.87,A,['A']
2LZM,A145V,-4.31,A,['A']
2LZM,K146E,-0.7,A,['A']
2LZM,V148A,-2.87,A,['A']
2LZM,V148C,-2.0,A,['A']
2LZM,V148G,-4.9,A,['A']
2LZM,V148I,-0.3,A,['A']
2LZM,V148M,-2.6,A,['A']
2LZM,V148S,-4.4,A,['A']
2LZM,V148T,-3.0,A,['A']
2LZM,I149V,-2.1,A,['A']
2LZM,T150S,0.4,A,['A']
2LZM,T151A,-1.5,A,['A']
2LZM,T151C,-0.5,A,['A']
2LZM,T151I,-0.4,A,['A']
2LZM,T151S,-2.0,A,['A']
2LZM,T151V,0.2,A,['A']
2LZM,F152A,-3.8,A,['A']
2LZM,F152C,-3.11,A,['A']
2LZM,F152I,-0.2,A,['A']
2LZM,F152L,0.3,A,['A']
2LZM,F152M,-0.6,A,['A']
2LZM,F152V,-1.8,A,['A']
2LZM,R153E,-1.1,A,['A']
2LZM,G155D,-4.07,A,['A']
2LZM,T156A,-0.5,A,['A']
2LZM,T156C,-1.3,A,['A']
2LZM,T156D,-2.39,A,['A']
2LZM,T156E,-0.8,A,['A']
2LZM,T156F,-4.07,A,['A']
2LZM,T156G,-1.1,A,['A']
2LZM,T156H,-2.1,A,['A']
2LZM,T156I,-1.2,A,['A']
2LZM,T156L,-1.7,A,['A']
2LZM,T156N,-1.2,A,['A']
2LZM,T156R,0.3,A,['A']
2LZM,T156S,-0.66,A,['A']
2LZM,T156V,-1.2,A,['A']
2LZM,A159T,-4.55,A,['A']
2LZM,N162D,-0.21,A,['A']
1EL1,H21G,-0.48,A,['A']
1EL1,I56L,-0.24,A,['A']
1EL1,A93S,-0.26,A,['A']
1EL1,V109K,-0.43,A,['A']
1QJP,W6A,-3.6,A,['A']
1QJP,W14A,-2.0,A,['A']
1QJP,Y29A,-3.8,A,['A']
1QJP,F37A,-1.2,A,['A']
1QJP,Y41A,-2.5,A,['A']
1QJP,W43A,-2.0,A,['A']
1QJP,F102A,-2.1,A,['A']
1QJP,Y108A,-2.7,A,['A']
1QJP,Y120A,-3.3,A,['A']
1QJP,W122A,-3.1,A,['A']
1EY0,K0A,0.25,A,['A']
1EY0,K0G,0.25,A,['A']
1EY0,L1A,-1.8666666666666665,A,['A']
1EY0,L1F,-1.2,A,['A']
1EY0,L1G,-2.0,A,['A']
1EY0,L1I,-0.9,A,['A']
1EY0,L1V,-1.25,A,['A']
1EY0,H2A,-0.45,A,['A']
1EY0,H2G,-0.8,A,['A']
1EY0,K3A,-1.4,A,['A']
1EY0,K3F,-1.1,A,['A']
1EY0,K3G,-1.9,A,['A']
1EY0,E4A,-1.3,A,['A']
1EY0,E4G,-1.85,A,['A']
1EY0,E4K,-2.1,A,['A']
1EY0,E4Q,-1.15,A,['A']
1EY0,P5A,-0.4,A,['A']
1EY0,P5F,-0.6,A,['A']
1EY0,P5G,-1.0,A,['A']
1EY0,A6G,-2.45,A,['A']
1EY0,A6V,-1.0,A,['A']
1EY0,T7A,-0.7,A,['A']
1EY0,T7C,-1.2999999999999998,A,['A']
1EY0,T7G,-1.15,A,['A']
1EY0,T7I,-0.1,A,['A']
1EY0,T7S,-0.3,A,['A']
1EY0,T7V,-0.35,A,['A']
1EY0,L8A,-2.35,A,['A']
1EY0,L8G,-3.75,A,['A']
1EY0,L8I,-1.55,A,['A']
1EY0,L8V,-1.55,A,['A']
1EY0,I9A,-2.6500000000000004,A,['A']
1EY0,I9G,-3.35,A,['A']
1EY0,I9L,-0.6,A,['A']
1EY0,I9M,-0.2,A,['A']
1EY0,I9V,-0.8500000000000001,A,['A']
1EY0,K10A,-0.15,A,['A']
1EY0,K10F,-0.45,A,['A']
1EY0,K10G,-0.75,A,['A']
1EY0,A11G,-0.25,A,['A']
1EY0,A11V,-1.9,A,['A']
1EY0,I12A,-2.55,A,['A']
1EY0,I12G,-2.55,A,['A']
1EY0,I12L,-0.15,A,['A']
1EY0,I12M,-0.6,A,['A']
1EY0,I12V,-1.05,A,['A']
1EY0,D13A,-0.1,A,['A']
1EY0,D13F,-1.4,A,['A']
1EY0,D13G,-0.4000000000000001,A,['A']
1EY0,D13K,-0.35,A,['A']
1EY0,D13N,-0.15,A,['A']
1EY0,G14A,-0.2,A,['A']
1EY0,G14E,-4.1,A,['A']
1EY0,G14V,-2.25,A,['A']
1EY0,D15A,0.75,A,['A']
1EY0,D15G,0.4,A,['A']
1EY0,D15K,1.05,A,['A']
1EY0,D15N,1.4,A,['A']
1EY0,T16A,-1.65,A,['A']
1EY0,T16C,-0.9,A,['A']
1EY0,T16G,-2.45,A,['A']
1EY0,T16I,-0.6499999999999999,A,['A']
1EY0,T16S,-0.6499999999999999,A,['A']
1EY0,T16V,-0.8500000000000001,A,['A']
1EY0,V17A,-2.3,A,['A']
1EY0,V17E,-7.5,A,['A']
1EY0,V17F,-2.3,A,['A']
1EY0,V17G,-5.6,A,['A']
1EY0,V17I,-0.1,A,['A']
1EY0,V17L,-0.05,A,['A']
1EY0,V17S,-4.75,A,['A']
1EY0,V17T,-3.25,A,['A']
1EY0,K18A,-0.25,A,['A']
1EY0,K18F,-0.5,A,['A']
1EY0,K18G,-1.0666666666666669,A,['A']
1EY0,L19A,-2.3666666666666667,A,['A']
1EY0,L19E,-9.8,A,['A']
1EY0,L19G,-4.55,A,['A']
1EY0,L19I,-1.75,A,['A']
1EY0,L19V,-1.85,A,['A']
1EY0,M20A,-1.55,A,['A']
1EY0,M20G,-2.2,A,['A']
1EY0,M20I,-0.8500000000000001,A,['A']
1EY0,M20L,-0.4,A,['A']
1EY0,Y21A,-3.525,A,['A']
1EY0,Y21C,-2.8,A,['A']
1EY0,Y21D,-5.4,A,['A']
1EY0,Y21E,-5.0,A,['A']
1EY0,Y21F,-0.3333333333333333,A,['A']
1EY0,Y21G,-5.466666666666666,A,['A']
1EY0,Y21H,-1.75,A,['A']
1EY0,Y21I,-2.4,A,['A']
1EY0,Y21K,-3.85,A,['A']
1EY0,Y21L,-1.55,A,['A']
1EY0,Y21M,-1.95,A,['A']
1EY0,Y21N,-3.9,A,['A']
1EY0,Y21P,-6.1,A,['A']
1EY0,Y21Q,-3.25,A,['A']
1EY0,Y21R,-2.95,A,['A']
1EY0,Y21S,-3.1,A,['A']
1EY0,Y21T,-3.25,A,['A']
1EY0,Y21V,-2.8,A,['A']
1EY0,Y21W,-0.6499999999999999,A,['A']
1EY0,K22A,-0.9,A,['A']
1EY0,K22E,-0.8,A,['A']
1EY0,K22F,-0.8500000000000001,A,['A']
1EY0,K22G,-1.3666666666666665,A,['A']
1EY0,K22Q,-0.3,A,['A']
1EY0,G23A,-1.3,A,['A']
1EY0,G23C,-1.2000000000000002,A,['A']
1EY0,G23F,-1.3,A,['A']
1EY0,G23V,-3.05,A,['A']
1EY0,Q24A,-0.25,A,['A']
1EY0,Q24G,-0.9,A,['A']
1EY0,P25A,-0.55,A,['A']
1EY0,P25G,-1.6,A,['A']
1EY0,M26A,-1.75,A,['A']
1EY0,M26G,-2.45,A,['A']
1EY0,M26I,-0.6,A,['A']
1EY0,M26L,-0.8,A,['A']
1EY0,T27A,-1.45,A,['A']
1EY0,T27C,-1.1,A,['A']
1EY0,T27G,-2.55,A,['A']
1EY0,T27I,0.6499999999999999,A,['A']
1EY0,T27S,-1.225,A,['A']
1EY0,T27V,0.45,A,['A']
1EY0,F28A,-3.75,A,['A']
1EY0,F28C,-2.8,A,['A']
1EY0,F28E,-8.1,A,['A']
1EY0,F28G,-6.2,A,['A']
1EY0,R29A,-1.4,A,['A']
1EY0,R29G,-2.25,A,['A']
1EY0,L30A,-3.6,A,['A']
1EY0,L30C,-2.9,A,['A']
1EY0,L30E,-7.5,A,['A']
1EY0,L30G,-5.35,A,['A']
1EY0,L30I,-3.1,A,['A']
1EY0,L30V,-3.55,A,['A']
1EY0,L31A,-1.6666666666666667,A,['A']
1EY0,L31E,-3.1,A,['A']
1EY0,L31G,-3.85,A,['A']
1EY0,L31I,-1.9,A,['A']
1EY0,L31V,-2.9,A,['A']
1EY0,L32A,-1.6,A,['A']
1EY0,L32E,-4.6,A,['A']
1EY0,L32G,-0.4666666666666667,A,['A']
1EY0,L32I,-2.1,A,['A']
1EY0,L32V,-0.15,A,['A']
1EY0,V33A,-2.2,A,['A']
1EY0,V33E,-6.6,A,['A']
1EY0,V33G,-4.65,A,['A']
1EY0,V33I,0.1,A,['A']
1EY0,V33L,-0.9,A,['A']
1EY0,V33S,-2.4,A,['A']
1EY0,V33T,-1.4500000000000002,A,['A']
1EY0,D34A,0.3,A,['A']
1EY0,D34G,-0.45,A,['A']
1EY0,T35A,0.05,A,['A']
1EY0,T35C,0.6499999999999999,A,['A']
1EY0,T35E,-4.3,A,['A']
1EY0,T35G,-1.9,A,['A']
1EY0,T35I,0.8,A,['A']
1EY0,T35S,-1.0,A,['A']
1EY0,T35V,0.8500000000000001,A,['A']
1EY0,P36A,0.1,A,['A']
1EY0,P36G,-0.4,A,['A']
1EY0,E37A,0.3,A,['A']
1EY0,E37D,0.2,A,['A']
1EY0,E37G,0.55,A,['A']
1EY0,T38A,-0.3,A,['A']
1EY0,T38C,-0.1,A,['A']
1EY0,T38G,-0.5,A,['A']
1EY0,T38I,-0.6,A,['A']
1EY0,T38S,-0.0,A,['A']
1EY0,T38V,0.1,A,['A']
1EY0,K39A,0.25,A,['A']
1EY0,K39E,0.05,A,['A']
1EY0,K39F,-0.2,A,['A']
1EY0,K39G,0.5,A,['A']
1EY0,K39Q,0.05,A,['A']
1EY0,H40A,-0.5,A,['A']
1EY0,H40G,-0.3,A,['A']
1EY0,H40Y,-0.0,A,['A']
1EY0,P41A,-0.6,A,['A']
1EY0,P41F,-0.3,A,['A']
1EY0,P41G,-0.1,A,['A']
1EY0,K42A,0.1,A,['A']
1EY0,K42E,0.05,A,['A']
1EY0,K42F,-0.35,A,['A']
1EY0,K42G,0.2,A,['A']
1EY0,K42Q,-0.05,A,['A']
1EY0,K43A,-0.25,A,['A']
1EY0,K43F,0.1,A,['A']
1EY0,K43G,-0.15,A,['A']
1EY0,G44A,0.25,A,['A']
1EY0,G44C,-0.8,A,['A']
1EY0,G44F,-0.6000000000000001,A,['A']
1EY0,G44V,-1.05,A,['A']
1EY0,V45A,-0.1999999999999999,A,['A']
1EY0,V45G,-0.3,A,['A']
1EY0,V45I,0.1,A,['A']
1EY0,V45L,-0.15,A,['A']
1EY0,V45S,-0.05,A,['A']
1EY0,V45T,0.2,A,['A']
1EY0,E46A,-0.1,A,['A']
1EY0,E46F,-0.6,A,['A']
1EY0,E46G,-0.35,A,['A']
1EY0,K47A,-0.2,A,['A']
1EY0,K47G,-0.2,A,['A']
1EY0,Y48A,-2.1,A,['A']
1EY0,Y48F,-0.45,A,['A']
1EY0,Y48G,-1.8,A,['A']
1EY0,Y48L,-3.35,A,['A']
1EY0,G49A,-0.5,A,['A']
1EY0,G49V,-1.65,A,['A']
1EY0,P50A,-0.0,A,['A']
1EY0,P50G,-1.0,A,['A']
1EY0,E51A,-0.15,A,['A']
1EY0,E51C,-0.6499999999999999,A,['A']
1EY0,E51F,-0.8000000000000002,A,['A']
1EY0,E51G,-1.5,A,['A']
1EY0,E51K,-0.05,A,['A']
1EY0,E51Q,-0.15,A,['A']
1EY0,A52E,-5.6,A,['A']
1EY0,A52G,-2.55,A,['A']
1EY0,A52V,-2.7,A,['A']
1EY0,S53A,0.4,A,['A']
1EY0,S53F,0.3,A,['A']
1EY0,S53G,-0.9666666666666668,A,['A']
1EY0,A54C,-1.15,A,['A']
1EY0,A54F,-0.8,A,['A']
1EY0,A54G,-1.45,A,['A']
1EY0,A54V,-2.7999999999999994,A,['A']
1EY0,F55A,-2.35,A,['A']
1EY0,F55G,-4.75,A,['A']
1EY0,T56A,-2.3,A,['A']
1EY0,T56C,-1.1,A,['A']
1EY0,T56E,-5.0,A,['A']
1EY0,T56G,-3.45,A,['A']
1EY0,T56I,-1.45,A,['A']
1EY0,T56S,-2.1,A,['A']
1EY0,T56V,-0.15,A,['A']
1EY0,K57A,-0.4,A,['A']
1EY0,K57E,-1.5,A,['A']
1EY0,K57F,-1.9,A,['A']
1EY0,K57G,-1.55,A,['A']
1EY0,K57Q,-0.95,A,['A']
1EY0,K58A,0.15,A,['A']
1EY0,K58E,-1.65,A,['A']
1EY0,K58F,-0.2,A,['A']
1EY0,K58G,-0.45,A,['A']
1EY0,K58Q,-0.0,A,['A']
1EY0,M59A,-2.05,A,['A']
1EY0,M59F,-1.6,A,['A']
1EY0,M59G,-4.65,A,['A']
1EY0,M59I,-1.45,A,['A']
1EY0,M59L,-0.75,A,['A']
1EY0,V60A,-2.066666666666667,A,['A']
1EY0,V60G,-4.45,A,['A']
1EY0,V60I,-0.9,A,['A']
1EY0,V60K,-5.2,A,['A']
1EY0,V60L,0.0599999999999999,A,['A']
1EY0,V60M,-0.2,A,['A']
1EY0,V60S,-3.1,A,['A']
1EY0,V60T,-1.2999999999999998,A,['A']
1EY0,V60W,-2.965,A,['A']
1EY0,E61A,-1.05,A,['A']
1EY0,E61F,-1.35,A,['A']
1EY0,E61G,-0.95,A,['A']
1EY0,E61Q,-0.55,A,['A']
1EY0,N62A,-0.45,A,['A']
1EY0,N62G,-0.4,A,['A']
1EY0,A63G,-2.05,A,['A']
1EY0,A63T,-2.866,A,['A']
1EY0,A63V,-2.55,A,['A']
1EY0,K64A,-0.15,A,['A']
1EY0,K64C,-0.5,A,['A']
1EY0,K64E,-0.35,A,['A']
1EY0,K64F,-0.1,A,['A']
1EY0,K64G,-0.55,A,['A']
1EY0,K64Q,-0.25,A,['A']
1EY0,K64W,-0.4725,A,['A']
1EY0,K65A,-0.5,A,['A']
1EY0,K65F,-0.0,A,['A']
1EY0,K65G,-1.2000000000000002,A,['A']
1EY0,I66A,-5.1,A,['A']
1EY0,I66E,-8.2,A,['A']
1EY0,I66G,-6.5,A,['A']
1EY0,I66L,-0.2,A,['A']
1EY0,I66M,-1.85,A,['A']
1EY0,I66V,-1.8,A,['A']
1EY0,E67A,-1.4249999999999998,A,['A']
1EY0,E67F,-1.0,A,['A']
1EY0,E67G,-2.75,A,['A']
1EY0,E67K,-2.1,A,['A']
1EY0,E67Q,-0.6499999999999999,A,['A']
1EY0,V68A,-3.1500000000000004,A,['A']
1EY0,V68E,-7.7,A,['A']
1EY0,V68G,-6.6,A,['A']
1EY0,V68I,-1.85,A,['A']
1EY0,V68L,-1.15,A,['A']
1EY0,V68S,-5.4,A,['A']
1EY0,V68T,-3.85,A,['A']
1EY0,E69A,-2.2,A,['A']
1EY0,E69G,-3.45,A,['A']
1EY0,E69K,-2.25,A,['A']
1EY0,E69Q,-0.6499999999999999,A,['A']
1EY0,E69V,-2.305,A,['A']
1EY0,F70A,-4.05,A,['A']
1EY0,F70G,-4.7,A,['A']
1EY0,F70V,-0.0,A,['A']
1EY0,F70W,-1.0,A,['A']
1EY0,D71A,-3.1500000000000004,A,['A']
1EY0,D71G,-2.0,A,['A']
1EY0,D71K,-3.4,A,['A']
1EY0,D71N,-2.8,A,['A']
1EY0,K72A,-0.55,A,['A']
1EY0,K72C,-0.35,A,['A']
1EY0,K72E,-0.75,A,['A']
1EY0,K72F,0.1,A,['A']
1EY0,K72G,-1.1,A,['A']
1EY0,K72Q,-0.1,A,['A']
1EY0,G73A,-2.3,A,['A']
1EY0,G73D,-2.29,A,['A']
1EY0,G73S,-2.31,A,['A']
1EY0,G73V,-2.3,A,['A']
1EY0,Q74A,-0.05,A,['A']
1EY0,Q74F,-0.6499999999999999,A,['A']
1EY0,Q74G,-1.2999999999999998,A,['A']
1EY0,R75A,-1.1,A,['A']
1EY0,R75G,-2.1500000000000004,A,['A']
1EY0,T76A,-0.9,A,['A']
1EY0,T76C,-0.15,A,['A']
1EY0,T76G,-2.0,A,['A']
1EY0,T76I,0.5,A,['A']
1EY0,T76S,-0.75,A,['A']
1EY0,T76V,0.2,A,['A']
1EY0,D77A,-3.85,A,['A']
1EY0,D77F,-5.2,A,['A']
1EY0,D77G,-2.7,A,['A']
1EY0,K78A,0.15,A,['A']
1EY0,K78E,-0.0,A,['A']
1EY0,K78F,-0.8500000000000001,A,['A']
1EY0,K78G,-0.35,A,['A']
1EY0,K78Q,-0.1,A,['A']
1EY0,Y79A,-0.4,A,['A']
1EY0,Y79F,-0.1,A,['A']
1EY0,Y79G,-1.05,A,['A']
1EY0,Y79L,-0.1,A,['A']
1EY0,G80A,-0.4666666666666667,A,['A']
1EY0,G80F,-2.0,A,['A']
1EY0,G80V,-3.7,A,['A']
1EY0,R81A,-0.8500000000000001,A,['A']
1EY0,R81G,-2.55,A,['A']
1EY0,G82A,-0.15,A,['A']
1EY0,G82V,-0.0499999999999999,A,['A']
1EY0,G82W,-0.7525,A,['A']
1EY0,L83A,-2.6,A,['A']
1EY0,L83F,-1.2,A,['A']
1EY0,L83G,-3.2,A,['A']
1EY0,L83I,-1.1,A,['A']
1EY0,L83V,-1.4,A,['A']
1EY0,A84E,-8.6,A,['A']
1EY0,A84G,-1.95,A,['A']
1EY0,A84S,-2.0,A,['A']
1EY0,A84V,-0.1,A,['A']
1EY0,Y85A,-5.3,A,['A']
1EY0,Y85E,-8.7,A,['A']
1EY0,Y85F,-2.35,A,['A']
1EY0,Y85G,-6.7,A,['A']
1EY0,Y85L,-3.85,A,['A']
1EY0,Y85S,-5.3,A,['A']
1EY0,I86A,-4.05,A,['A']
1EY0,I86E,-9.2,A,['A']
1EY0,I86G,-6.6,A,['A']
1EY0,I86L,-0.6,A,['A']
1EY0,I86M,-1.7000000000000002,A,['A']
1EY0,I86V,-0.45,A,['A']
1EY0,Y87A,-6.5,A,['A']
1EY0,Y87F,-1.9,A,['A']
1EY0,Y87G,-7.5,A,['A']
1EY0,Y87L,-4.5,A,['A']
1EY0,A88G,-2.4,A,['A']
1EY0,A88V,-1.3,A,['A']
1EY0,D89A,-3.45,A,['A']
1EY0,D89F,-5.3,A,['A']
1EY0,D89G,-2.875,A,['A']
1EY0,G90A,-1.75,A,['A']
1EY0,G90F,-2.75,A,['A']
1EY0,G90V,-3.7,A,['A']
1EY0,K91A,-0.15,A,['A']
1EY0,K91E,-0.55,A,['A']
1EY0,K91F,-0.6499999999999999,A,['A']
1EY0,K91G,-1.7999999999999998,A,['A']
1EY0,K91Q,-0.35,A,['A']
1EY0,M92A,-4.5,A,['A']
1EY0,M92G,-4.45,A,['A']
1EY0,M92I,-4.4,A,['A']
1EY0,M92L,-2.3,A,['A']
1EY0,V93A,-3.3,A,['A']
1EY0,V93E,-8.7,A,['A']
1EY0,V93G,-5.0,A,['A']
1EY0,V93I,-0.15,A,['A']
1EY0,V93L,-0.2,A,['A']
1EY0,V93S,-5.1,A,['A']
1EY0,V93T,-3.35,A,['A']
1EY0,N94A,-5.2,A,['A']
1EY0,N94E,-4.4,A,['A']
1EY0,N94G,-5.05,A,['A']
1EY0,E95A,-1.65,A,['A']
1EY0,E95F,-2.9000000000000004,A,['A']
1EY0,E95G,-2.8,A,['A']
1EY0,A96F,-1.7999999999999998,A,['A']
1EY0,A96G,-1.35,A,['A']
1EY0,A96V,-1.85,A,['A']
1EY0,L97A,-4.6,A,['A']
1EY0,L97E,-7.2,A,['A']
1EY0,L97G,-6.6,A,['A']
1EY0,L97I,-1.1,A,['A']
1EY0,L97V,-2.0,A,['A']
1EY0,V98A,-2.85,A,['A']
1EY0,V98E,-6.5,A,['A']
1EY0,V98G,-6.5,A,['A']
1EY0,V98I,0.25,A,['A']
1EY0,V98L,-0.8,A,['A']
1EY0,V98S,-4.9,A,['A']
1EY0,V98T,-2.5,A,['A']
1EY0,R99A,-1.35,A,['A']
1EY0,R99C,-2.6,A,['A']
1EY0,R99F,-2.95,A,['A']
1EY0,R99G,-2.4,A,['A']
1EY0,Q100A,0.15,A,['A']
1EY0,Q100G,-1.5,A,['A']
1EY0,G101A,-4.45,A,['A']
1EY0,G101V,-7.5,A,['A']
1EY0,L102A,-5.8,A,['A']
1EY0,L102G,-7.2,A,['A']
1EY0,L102I,-3.35,A,['A']
1EY0,L102V,-3.85,A,['A']
1EY0,A103E,-7.7,A,['A']
1EY0,A103G,-1.0,A,['A']
1EY0,A103V,-2.95,A,['A']
1EY0,K104A,-1.3,A,['A']
1EY0,K104G,-2.7,A,['A']
1EY0,V105A,-4.425,A,['A']
1EY0,V105G,-4.85,A,['A']
1EY0,V105I,-0.7,A,['A']
1EY0,V105L,-0.9,A,['A']
1EY0,V105S,-4.75,A,['A']
1EY0,V105T,-2.35,A,['A']
1EY0,A106C,-0.8,A,['A']
1EY0,A106F,-1.4333333333333336,A,['A']
1EY0,A106G,0.1,A,['A']
1EY0,A106V,-1.35,A,['A']
1EY0,Y107A,0.05,A,['A']
1EY0,Y107F,0.05,A,['A']
1EY0,Y107G,-0.25,A,['A']
1EY0,Y107L,0.2,A,['A']
1EY0,V108A,0.05,A,['A']
1EY0,V108G,-0.1,A,['A']
1EY0,V108I,-0.1,A,['A']
1EY0,V108L,-1.1,A,['A']
1EY0,V108S,-0.0,A,['A']
1EY0,V108T,-0.3,A,['A']
1EY0,Y109A,-0.25,A,['A']
1EY0,Y109F,-0.05,A,['A']
1EY0,Y109G,-0.6499999999999999,A,['A']
1EY0,Y109L,-0.25,A,['A']
1EY0,K110A,0.7,A,['A']
1EY0,K110F,-0.15,A,['A']
1EY0,K110G,1.05,A,['A']
1EY0,P111A,0.8,A,['A']
1EY0,P111F,0.3,A,['A']
1EY0,P111G,1.1666666666666667,A,['A']
1EY0,P111L,0.2,A,['A']
1EY0,P111T,1.1,A,['A']
1EY0,N112A,-2.0,A,['A']
1EY0,N112D,-2.4,A,['A']
1EY0,N112E,-1.9,A,['A']
1EY0,N112G,-1.7666666666666668,A,['A']
1EY0,N113A,-1.1666666666666667,A,['A']
1EY0,N113G,-1.1666666666666667,A,['A']
1EY0,T114A,-1.15,A,['A']
1EY0,T114C,-1.65,A,['A']
1EY0,T114G,-2.0,A,['A']
1EY0,T114I,-1.6,A,['A']
1EY0,T114S,-0.6,A,['A']
1EY0,T114V,-1.7000000000000002,A,['A']
1EY0,H115A,-3.0,A,['A']
1EY0,H115G,-4.15,A,['A']
1EY0,E116A,-0.35,A,['A']
1EY0,E116F,-0.6000000000000001,A,['A']
1EY0,E116G,-2.1,A,['A']
1EY0,E116K,-2.6,A,['A']
1EY0,E116Q,-1.55,A,['A']
1EY0,Q117A,-0.25,A,['A']
1EY0,Q117F,-0.6,A,['A']
1EY0,Q117G,-0.5,A,['A']
1EY0,H118A,0.5,A,['A']
1EY0,H118E,0.35,A,['A']
1EY0,H118F,0.4,A,['A']
1EY0,H118G,-0.5,A,['A']
1EY0,H118L,1.4500000000000002,A,['A']
1EY0,H118Q,0.6499999999999999,A,['A']
1EY0,L119A,-4.85,A,['A']
1EY0,L119E,-8.2,A,['A']
1EY0,L119G,-7.0,A,['A']
1EY0,L119I,-1.0,A,['A']
1EY0,L119V,-2.3,A,['A']
1EY0,R120A,-1.65,A,['A']
1EY0,R120G,-2.9,A,['A']
1EY0,K121A,0.2,A,['A']
1EY0,K121F,-0.3,A,['A']
1EY0,K121G,-0.7,A,['A']
1EY0,S122A,0.75,A,['A']
1EY0,S122F,-1.0,A,['A']
1EY0,S122G,-1.55,A,['A']
1EY0,E123A,-2.3,A,['A']
1EY0,E123F,-3.95,A,['A']
1EY0,E123G,-3.75,A,['A']
1EY0,A124G,-1.05,A,['A']
1EY0,A124V,-1.15,A,['A']
1EY0,Q125A,-0.15,A,['A']
1EY0,Q125F,-0.6499999999999999,A,['A']
1EY0,Q125G,-2.35,A,['A']
1EY0,A126E,-7.3,A,['A']
1EY0,A126G,-3.65,A,['A']
1EY0,A126V,-4.75,A,['A']
1EY0,K127A,-1.35,A,['A']
1EY0,K127F,-1.35,A,['A']
1EY0,K127G,-3.25,A,['A']
1EY0,K127Q,-0.45,A,['A']
1EY0,K128A,0.1,A,['A']
1EY0,K128C,-0.7,A,['A']
1EY0,K128F,-0.4000000000000001,A,['A']
1EY0,K128G,-0.75,A,['A']
1EY0,E129A,-0.7,A,['A']
1EY0,E129F,-1.15,A,['A']
1EY0,E129G,-1.65,A,['A']
1EY0,E129K,-1.15,A,['A']
1EY0,E129Q,-0.7,A,['A']
1EY0,K130A,-0.8000000000000002,A,['A']
1EY0,K130F,-1.1,A,['A']
1EY0,K130G,-0.0333333333333333,A,['A']
1EY0,L131A,-2.25,A,['A']
1EY0,L131G,-4.5,A,['A']
1EY0,L131I,-0.8,A,['A']
1EY0,L131V,-1.4,A,['A']
1EY0,N132A,-1.05,A,['A']
1EY0,N132G,0.3,A,['A']
1EY0,I133A,-3.4,A,['A']
1EY0,I133G,-4.300000000000001,A,['A']
1EY0,I133L,-0.1,A,['A']
1EY0,I133M,-0.4,A,['A']
1EY0,I133V,-1.45,A,['A']
1EY0,W134F,-0.6,A,['A']
1EY0,W134H,-0.4,A,['A']
1EY0,W134L,-4.5,A,['A']
1EY0,W134Y,-1.1,A,['A']
1TEN,L1A,-2.1,A,['A']
1TEN,P4A,-2.72,A,['A']
1TEN,I7A,-2.8200000000000003,A,['A']
1TEN,I7V,-0.1266666666666666,A,['A']
1TEN,V9A,-1.38,A,['A']
1TEN,A17G,-2.75,A,['A']
1TEN,I19A,-3.6566666666666654,A,['A']
1TEN,I19V,-0.2433333333333333,A,['A']
1TEN,F22A,-5.415,A,['A']
1IGV,L5V,-1.95,A,['A']
1IGV,F9A,-4.465,A,['A']
1IGV,Y12F,-1.145,A,['A']
1IGV,E16Q,0.39,A,['A']
1IGV,D18N,0.77,A,['A']
1IGV,P19G,-1.19,A,['A']
1IGV,L22A,-3.465,A,['A']
1IGV,L22G,-4.140000000000001,A,['A']
1IGV,E25Q,0.045,A,['A']
1IGV,L27A,-2.45,A,['A']
1IGV,V60A,-3.34,A,['A']
1IGV,V60G,-3.975,A,['A']
1IGV,F65A,-4.585,A,['A']
1IGV,F65W,-1.62,A,['A']
1IGV,V69L,-0.645,A,['A']
1IGV,I72V,-1.415,A,['A']
1KFW,G82P,0.5,A,['A']
1KFW,N187K,0.81,A,['A']
1KFW,G243P,-0.675,A,['A']
1KFW,G395Q,0.62,A,['A']
1RN1,N8A,-0.8033333333333333,C,['C']
1RN1,Y10F,-2.07,C,['C']
1RN1,S11A,-1.155,C,['C']
1RN1,V15A,-2.295,C,['C']
1RN1,V15C,-4.92,C,['C']
1RN1,V15S,-4.69,C,['C']
1RN1,V15T,-3.633333333333333,C,['C']
1RN1,S16A,0.62,C,['C']
1RN1,A20C,-0.74,C,['C']
1RN1,A20D,-0.71,C,['C']
1RN1,A20E,-0.69,C,['C']
1RN1,A20F,-0.57,C,['C']
1RN1,A20G,-1.1,C,['C']
1RN1,A20H,-0.17,C,['C']
1RN1,A20I,-0.44,C,['C']
1RN1,A20K,-0.51,C,['C']
1RN1,A20L,-0.13,C,['C']
1RN1,A20M,-0.15,C,['C']
1RN1,A20N,0.34,C,['C']
1RN1,A20Q,-0.4,C,['C']
1RN1,A20R,-0.41,C,['C']
1RN1,A20S,-0.4,C,['C']
1RN1,A20T,-0.57,C,['C']
1RN1,A20V,-0.66,C,['C']
1RN1,A20W,-0.3,C,['C']
1RN1,A20Y,-0.39,C,['C']
1RN1,G22A,-1.2,C,['C']
1RN1,Y23W,1.24,C,['C']
1RN1,Q24K,1.0175,C,['C']
1RN1,N35A,0.03,C,['C']
1RN1,P38A,-4.33,C,['C']
1RN1,H39T,-0.26,C,['C']
1RN1,Y41F,1.145,C,['C']
1RN1,Y41W,-0.14,C,['C']
1RN1,N43A,-1.885,C,['C']
1RN1,N43D,-1.8,C,['C']
1RN1,N43S,-1.7333333333333334,C,['C']
1RN1,Y44W,0.74,C,['C']
1RN1,D48A,-0.5,C,['C']
1RN1,D48F,-0.15,C,['C']
1RN1,D48H,5.1,C,['C']
1RN1,D48W,-0.9,C,['C']
1RN1,D48Y,-0.25,C,['C']
1RN1,V51S,-4.9,C,['C']
1RN1,V51T,-3.6,C,['C']
1RN1,Y55F,-0.745,C,['C']
1RN1,Y56F,-0.47,C,['C']
1RN1,E57A,0.2083333333333333,C,['C']
1RN1,W58Y,-0.93,C,['C']
1RN1,S63A,-1.5,C,['C']
1RN1,Y67F,-1.355,C,['C']
1RN1,P72V,2.225,C,['C']
1RN1,D75A,-3.75,C,['C']
1RN1,D75N,-3.132857142857142,C,['C']
1RN1,D75S,-3.2000000000000006,C,['C']
1RN1,V77A,-4.09,C,['C']
1RN1,V77C,-3.685,C,['C']
1RN1,V77S,-4.715,C,['C']
1RN1,V77T,-3.59,C,['C']
1RN1,N80A,-2.89,C,['C']
1RN1,V88C,-3.52,C,['C']
1RN1,V88S,-4.885,C,['C']
1RN1,V88T,-3.085,C,['C']
1RN1,H91A,-1.06,C,['C']
1POH,S30A,-0.365,A,['A']
1POH,S45A,-1.0,A,['A']
1POH,S45D,1.45,A,['A']
1POH,S45N,0.4000000000000001,A,['A']
1POH,K48A,1.5,A,['A']
1POH,K48D,1.5666666666666664,A,['A']
1POH,K48E,2.0,A,['A']
1POH,K48G,1.1,A,['A']
1POH,K48M,0.95,A,['A']
1POH,K48N,0.35,A,['A']
1POH,K48Q,1.5,A,['A']
1POH,K48R,-0.15,A,['A']
1POH,K48S,1.0333333333333334,A,['A']
1MGR,Y8F,-0.6,A,['A']
1MGR,Y30F,0.5,A,['A']
1MGR,Y51F,-2.6,A,['A']
1MGR,Y52F,-2.1,A,['A']
1MGR,Y55F,-0.7,A,['A']
1MGR,Y80F,-1.5,A,['A']
1MGR,Y81F,-1.0,A,['A']
1MGR,Y86F,-0.0,A,['A']
2TRX,D25A,4.2,A,['A']
2TRX,D25I,6.2,A,['A']
2TRX,C31A,4.166666666666667,A,['A']
2TRX,P33S,-0.1,A,['A']
2TRX,C34A,4.0,A,['A']
2TRX,P39S,1.4,A,['A']
2TRX,T65L,3.333333333333333,A,['A']
2TRX,P75A,-3.9,A,['A']
2TRX,T76C,2.1,A,['A']
2TRX,T76V,3.233333333333333,A,['A']
2TRX,L77C,-0.0,A,['A']
2TRX,L77K,-2.9,A,['A']
2TRX,L77R,-3.0,A,['A']
1QND,C70S,-1.4,A,['A']
2ADA,W113F,4.726666666666667,A,['A']
2ADA,W157F,7.326666666666667,A,['A']
2ADA,W260F,8.64,A,['A']
2ADA,W268F,4.6866666666666665,A,['A']
1THQ,W10A,-0.98,A,['A']
1THQ,Y16A,-0.91,A,['A']
1THQ,D17N,-0.6,A,['A']
1THQ,W34A,-0.475,A,['A']
1THQ,F38A,-1.0750000000000002,A,['A']
1THQ,S41A,-1.26,A,['A']
1THQ,M55A,-0.34,A,['A']
1THQ,A68G,-0.87,A,['A']
1THQ,Y70F,-1.37,A,['A']
1THQ,E73A,-0.66,A,['A']
1THQ,R77A,-1.53,A,['A']
1THQ,L88A,-0.76,A,['A']
1THQ,T91A,-0.4,A,['A']
1THQ,S113A,-1.27,A,['A']
1THQ,T120A,-0.51,A,['A']
1THQ,Q122A,-0.97,A,['A']
1THQ,Y136A,-0.55,A,['A']
1THQ,M140A,-0.77,A,['A']
1THQ,Q143A,0.18,A,['A']
1A2P,I1A,-1.25,A,['A']
1A2P,I1V,-0.7925000000000001,A,['A']
1A2P,N2A,-1.7833333333333332,A,['A']
1A2P,T3A,-2.2183333333333333,A,['A']
1A2P,T3D,0.11,A,['A']
1A2P,T3E,-0.27,A,['A']
1A2P,T3G,-1.09,A,['A']
1A2P,T3H,-2.1,A,['A']
1A2P,T3N,-1.27,A,['A']
1A2P,T3P,-3.1933333333333334,A,['A']
1A2P,T3Q,-1.87,A,['A']
1A2P,T3S,-0.22,A,['A']
1A2P,F4L,-4.199999999999999,A,['A']
1A2P,D5A,-0.8225000000000001,A,['A']
1A2P,D5G,-1.1566666666666665,A,['A']
1A2P,D5S,-0.8233333333333333,A,['A']
1A2P,V7A,-3.45,A,['A']
1A2P,V7T,-2.345,A,['A']
1A2P,D9A,0.1271428571428571,A,['A']
1A2P,D9G,-0.8966666666666668,A,['A']
1A2P,D9S,-0.7833333333333333,A,['A']
1A2P,Y10A,-3.3775,A,['A']
1A2P,Y10F,-0.5033333333333333,A,['A']
1A2P,Y10G,-6.4,A,['A']
1A2P,L11A,-4.488571428571428,A,['A']
1A2P,Q12A,-0.2,A,['A']
1A2P,Q12G,-1.6,A,['A']
1A2P,Q12I,1.2,A,['A']
1A2P,T13A,-0.3899999999999999,A,['A']
1A2P,T13G,-1.4866666666666666,A,['A']
1A2P,T13R,-0.0349999999999999,A,['A']
1A2P,T13S,-1.6900000000000002,A,['A']
1A2P,Y14A,-2.115,A,['A']
1A2P,Y14F,-0.4333333333333333,A,['A']
1A2P,Y14G,-4.4325,A,['A']
1A2P,Y14S,-2.29,A,['A']
1A2P,H15A,-2.0,A,['A']
1A2P,H15D,-2.3866666666666667,A,['A']
1A2P,H15G,-0.7949999999999999,A,['A']
1A2P,H15K,-1.0975,A,['A']
1A2P,H15N,-1.74,A,['A']
1A2P,H15Q,-1.5133333333333334,A,['A']
1A2P,H15R,-1.09,A,['A']
1A2P,H15S,-2.1933333333333334,A,['A']
1A2P,K16A,0.8,A,['A']
1A2P,K16R,0.5333333333333333,A,['A']
1A2P,D19M,-0.185,A,['A']
1A2P,N20A,-2.25,A,['A']
1A2P,Y21F,0.095,A,['A']
1A2P,I22A,-3.6,A,['A']
1A2P,I22V,-1.0066666666666668,A,['A']
1A2P,T23A,-1.9633333333333327,A,['A']
1A2P,T23D,-0.04,A,['A']
1A2P,T23E,-0.05,A,['A']
1A2P,T23G,-1.375,A,['A']
1A2P,T23H,-4.3,A,['A']
1A2P,T23N,-1.29,A,['A']
1A2P,T23Q,-1.72,A,['A']
1A2P,T23S,-0.56,A,['A']
1A2P,T23V,-2.31,A,['A']
1A2P,K24A,0.445,A,['A']
1A2P,K24G,-0.39,A,['A']
1A2P,S25A,0.5033333333333333,A,['A']
1A2P,S25E,0.5,A,['A']
1A2P,S25G,-0.45,A,['A']
1A2P,E26A,-1.3033333333333337,A,['A']
1A2P,E26G,-1.914,A,['A']
1A2P,E26Q,-0.1733333333333333,A,['A']
1A2P,E26S,-1.23,A,['A']
1A2P,Q28A,0.1333333333333333,A,['A']
1A2P,Q28G,-1.04,A,['A']
1A2P,Q28S,-0.1699999999999999,A,['A']
1A2P,A29C,-1.4333333333333331,A,['A']
1A2P,A29D,-0.5666666666666668,A,['A']
1A2P,A29E,-0.3,A,['A']
1A2P,A29F,-0.5666666666666668,A,['A']
1A2P,A29G,-0.8274999999999999,A,['A']
1A2P,A29H,-0.75,A,['A']
1A2P,A29I,-0.75,A,['A']
1A2P,A29K,-0.15,A,['A']
1A2P,A29L,-0.2,A,['A']
1A2P,A29M,-0.2,A,['A']
1A2P,A29N,-0.5,A,['A']
1A2P,A29P,-4.1,A,['A']
1A2P,A29Q,-0.4000000000000001,A,['A']
1A2P,A29R,-0.15,A,['A']
1A2P,A29S,-0.3,A,['A']
1A2P,A29T,-0.6499999999999999,A,['A']
1A2P,A29V,-0.6,A,['A']
1A2P,A29W,-1.05,A,['A']
1A2P,A29Y,-0.75,A,['A']
1A2P,L30Q,-1.35,A,['A']
1A2P,G31A,-2.9066666666666667,A,['A']
1A2P,G31D,-3.296666666666667,A,['A']
1A2P,G31H,-2.7,A,['A']
1A2P,G31K,-2.9066666666666667,A,['A']
1A2P,G31N,-2.725,A,['A']
1A2P,G31R,-2.606666666666667,A,['A']
1A2P,G31S,-3.033333333333333,A,['A']
1A2P,G31T,-3.2900000000000005,A,['A']
1A2P,V33A,-1.4175,A,['A']
1A2P,V33T,-1.125,A,['A']
1A2P,S35A,0.3,A,['A']
1A2P,N38D,-2.54,A,['A']
1A2P,L39T,-3.05,A,['A']
1A2P,L39V,-0.5,A,['A']
1A2P,D41E,0.2,A,['A']
1A2P,V42A,-1.58,A,['A']
1A2P,V42T,-2.306666666666666,A,['A']
1A2P,I48A,-4.7,A,['A']
1A2P,I48V,-1.8,A,['A']
1A2P,G49A,-5.3,A,['A']
1A2P,G49V,-8.4,A,['A']
1A2P,G50A,-3.4,A,['A']
1A2P,G50V,-7.8,A,['A']
1A2P,D51A,-3.0425,A,['A']
1A2P,D51N,-2.3675,A,['A']
1A2P,I52A,-1.3,A,['A']
1A2P,I52G,-3.1,A,['A']
1A2P,I52T,-0.8999999999999999,A,['A']
1A2P,I52V,-0.4333333333333333,A,['A']
1A2P,S54A,0.15,A,['A']
1A2P,N55A,-1.8,A,['A']
1A2P,N55D,0.3999999999999999,A,['A']
1A2P,R56A,0.64,A,['A']
1A2P,K59R,-0.326,A,['A']
1A2P,G62S,0.7333333333333334,A,['A']
1A2P,K63A,0.2,A,['A']
1A2P,R66K,-3.165,A,['A']
1A2P,R66M,-2.12,A,['A']
1A2P,R66S,-2.76,A,['A']
1A2P,R69G,-2.5,A,['A']
1A2P,E70A,-2.4,A,['A']
1A2P,E70F,-2.1,A,['A']
1A2P,E70G,-5.4,A,['A']
1A2P,E70Q,-2.7,A,['A']
1A2P,E70W,-2.2,A,['A']
1A2P,D72N,-4.9,A,['A']
1A2P,I73A,-1.7999999999999998,A,['A']
1A2P,I73T,-2.645,A,['A']
1A2P,I73V,-0.8733333333333334,A,['A']
1A2P,N74A,-1.5533333333333337,A,['A']
1A2P,Y75F,-1.3375,A,['A']
1A2P,T76V,0.25,A,['A']
1A2P,R80K,-4.265000000000001,A,['A']
1A2P,R80Q,-2.05,A,['A']
1A2P,N81A,-1.873333333333333,A,['A']
1A2P,S82A,-0.12,A,['A']
1A2P,I85A,-4.16,A,['A']
1A2P,I85G,-7.4,A,['A']
1A2P,I85L,-0.1666666666666666,A,['A']
1A2P,I85V,-1.366,A,['A']
1A2P,L86G,-7.0,A,['A']
1A2P,L86T,-2.5,A,['A']
1A2P,L86V,-0.3,A,['A']
1A2P,S88A,-1.8,A,['A']
1A2P,S89A,-3.0,A,['A']
1A2P,D90N,-4.055,A,['A']
1A2P,W91F,-0.8,A,['A']
1A2P,W91L,-1.1,A,['A']
1A2P,W91Y,-1.1,A,['A']
1A2P,L92G,-4.7,A,['A']
1A2P,I93A,-3.321428571428572,A,['A']
1A2P,I93G,-5.7,A,['A']
1A2P,I93V,-0.926,A,['A']
1A2P,Y94G,-6.6,A,['A']
1A2P,T96V,-2.8633333333333333,A,['A']
1A2P,T97G,-2.8,A,['A']
1A2P,H99A,-0.24,A,['A']
1A2P,Y100F,-0.16,A,['A']
1A2P,Q101A,-0.1149999999999999,A,['A']
1A2P,T102V,-2.1833333333333336,A,['A']
1A2P,K105R,0.8500000000000001,A,['A']
1A2P,I106A,-1.725,A,['A']
1A2P,I106V,-0.78,A,['A']
1A2P,R107A,-0.315,A,['A']
1CAH,W2F,0.5,A,['A']
1CAH,W13F,1.75,A,['A']
1CAH,S53C,-0.5,A,['A']
1CAH,L57C,-0.1,A,['A']
1CAH,V65C,-1.2,A,['A']
1CAH,H104A,-7.666666666666667,A,['A']
1CAH,H104F,-6.666666666666667,A,['A']
1CAH,H104N,-5.466666666666666,A,['A']
1CAH,H104Y,-8.133333333333333,A,['A']
1CAH,E114A,-3.6666666666666665,A,['A']
1CAH,W120C,-0.0,A,['A']
1CAH,C202S,-0.6,A,['A']
1CAH,I252C,-0.3,A,['A']
1ONC,M21L,-2.22,A,['A']
1ONC,F26A,-5.0,A,['A']
1ONC,F26T,-5.105,A,['A']
1ONC,F34Y,-4.18,A,['A']
1LZ1,K0A,-1.45,A,['A']
1LZ1,K0M,-0.76,A,['A']
1LZ1,V1A,-1.37,A,['A']
1LZ1,V1D,-1.115,A,['A']
1LZ1,V1F,-0.8300000000000001,A,['A']
1LZ1,V1G,-1.795,A,['A']
1LZ1,V1I,0.75,A,['A']
1LZ1,V1L,-0.15,A,['A']
1LZ1,V1M,-0.255,A,['A']
1LZ1,V1N,-1.07,A,['A']
1LZ1,V1R,-0.49,A,['A']
1LZ1,V1S,-1.105,A,['A']
1LZ1,V1Y,-0.98,A,['A']
1LZ1,E6Q,-1.29,A,['A']
1LZ1,L7T,-2.965,A,['A']
1LZ1,A8S,-0.11,A,['A']
1LZ1,T10A,-0.0,A,['A']
1LZ1,T10V,0.1,A,['A']
1LZ1,G15A,-1.545,A,['A']
1LZ1,D17N,-1.7,A,['A']
1LZ1,G18A,-1.1566666666666665,A,['A']
1LZ1,G18Q,-0.4,A,['A']
1LZ1,Y19A,-2.8,A,['A']
1LZ1,Y19F,-0.5,A,['A']
1LZ1,Y19G,-2.5,A,['A']
1LZ1,R20A,1.405,A,['A']
1LZ1,R20G,0.925,A,['A']
1LZ1,G21A,-2.645,A,['A']
1LZ1,I22A,-1.62,A,['A']
1LZ1,I22V,-0.3899999999999999,A,['A']
1LZ1,S23A,-0.5,A,['A']
1LZ1,A31L,-0.6000000000000001,A,['A']
1LZ1,A31S,-0.515,A,['A']
1LZ1,E34L,-0.615,A,['A']
1LZ1,S35A,-0.5,A,['A']
1LZ1,G36A,-0.29,A,['A']
1LZ1,G36Q,-0.86,A,['A']
1LZ1,Y37A,-2.49,A,['A']
1LZ1,Y37F,-0.19,A,['A']
1LZ1,Y37G,-2.32,A,['A']
1LZ1,T39A,-1.2,A,['A']
1LZ1,T39V,-1.0,A,['A']
1LZ1,T42A,0.2,A,['A']
1LZ1,T42V,-0.3,A,['A']
1LZ1,Y44F,0.4566666666666667,A,['A']
1LZ1,A46P,1.1,A,['A']
1LZ1,G47A,0.975,A,['A']
1LZ1,D48H,-3.7,A,['A']
1LZ1,D48N,-1.0,A,['A']
1LZ1,R49A,0.515,A,['A']
1LZ1,R49G,0.53,A,['A']
1LZ1,S50A,-0.0,A,['A']
1LZ1,T51A,-0.0999999999999999,A,['A']
1LZ1,T51V,-0.5,A,['A']
1LZ1,Y53F,-0.96,A,['A']
1LZ1,I55A,-3.236666666666667,A,['A']
1LZ1,I55F,-3.795,A,['A']
1LZ1,I55L,-0.25,A,['A']
1LZ1,I55M,-1.635,A,['A']
1LZ1,I55T,-6.67,A,['A']
1LZ1,I55V,-0.9325,A,['A']
1LZ1,Q57A,1.055,A,['A']
1LZ1,Q57G,2.06,A,['A']
1LZ1,I58A,-1.2260000000000002,A,['A']
1LZ1,I58F,-0.755,A,['A']
1LZ1,I58G,-3.2833333333333337,A,['A']
1LZ1,I58L,0.35,A,['A']
1LZ1,I58M,-1.045,A,['A']
1LZ1,I58S,-2.795,A,['A']
1LZ1,I58T,-1.61,A,['A']
1LZ1,I58V,-1.0575,A,['A']
1LZ1,I58Y,-3.49,A,['A']
1LZ1,S60A,-0.5,A,['A']
1LZ1,Y62F,-0.24,A,['A']
1LZ1,D66H,-4.54,A,['A']
1LZ1,D66N,-1.7,A,['A']
1LZ1,G67A,-0.56,A,['A']
1LZ1,P70G,-1.2,A,['A']
1LZ1,G71A,-0.3299999999999999,A,['A']
1LZ1,V73A,-0.3975,A,['A']
1LZ1,V73D,-0.715,A,['A']
1LZ1,V73F,-0.145,A,['A']
1LZ1,V73G,-0.22,A,['A']
1LZ1,V73I,1.175,A,['A']
1LZ1,V73L,0.295,A,['A']
1LZ1,V73M,0.55,A,['A']
1LZ1,V73N,-0.765,A,['A']
1LZ1,V73R,-0.735,A,['A']
1LZ1,V73S,-0.19,A,['A']
1LZ1,V73Y,-0.67,A,['A']
1LZ1,C76A,-4.6,A,['A']
1LZ1,H77A,-0.6699999999999999,A,['A']
1LZ1,H77G,-0.53,A,['A']
1LZ1,S79A,0.8,A,['A']
1LZ1,S81A,1.0,A,['A']
1LZ1,I88A,-2.2,A,['A']
1LZ1,I88V,-0.4824999999999999,A,['A']
1LZ1,D90P,-0.8,A,['A']
1LZ1,A91S,1.505,A,['A']
1LZ1,V92A,-0.788,A,['A']
1LZ1,V92T,-0.7350000000000001,A,['A']
1LZ1,A95M,0.56,A,['A']
1LZ1,A95S,-1.0,A,['A']
1LZ1,V98A,-0.9425,A,['A']
1LZ1,V98T,-0.7,A,['A']
1LZ1,V99A,-0.6260000000000001,A,['A']
1LZ1,V99F,-2.025,A,['A']
1LZ1,V99T,-0.545,A,['A']
1LZ1,D101N,0.07,A,['A']
1LZ1,P102G,-0.0,A,['A']
1LZ1,G104A,-0.8600000000000001,A,['A']
1LZ1,I105A,-0.865,A,['A']
1LZ1,I105V,-0.95,A,['A']
1LZ1,V109A,0.4399999999999999,A,['A']
1LZ1,V109D,1.385,A,['A']
1LZ1,V109F,-0.6833333333333332,A,['A']
1LZ1,V109G,1.34,A,['A']
1LZ1,V109I,0.8300000000000001,A,['A']
1LZ1,V109L,0.07,A,['A']
1LZ1,V109M,0.415,A,['A']
1LZ1,V109N,0.285,A,['A']
1LZ1,V109P,2.4,A,['A']
1LZ1,V109R,1.24,A,['A']
1LZ1,V109Y,-0.47,A,['A']
1LZ1,N117A,0.245,A,['A']
1LZ1,N117G,0.6166666666666667,A,['A']
1LZ1,D119N,0.05,A,['A']
1LZ1,V120A,-1.5379999999999998,A,['A']
1LZ1,Y123F,-0.2299999999999999,A,['A']
1LZ1,V124A,-1.104,A,['A']
1LZ1,G126A,-0.575,A,['A']
1LZ1,G128A,0.52,A,['A']
1LZ1,V129A,-0.8719999999999999,A,['A']
1TPK,V69A,-2.0,A,['A']
1TPK,V69I,0.3,A,['A']
1TPK,V69L,-1.9,A,['A']
1TPK,V69M,-2.2,A,['A']
1TPK,V69S,-2.4,A,['A']
1TPK,V69T,-1.0,A,['A']
1IET,D59R,0.1,A,['A']
1CHK,W27F,-3.2375,A,['A']
1CHK,W100F,-3.0666666666666664,A,['A']
1CHK,W226F,-2.2725,A,['A']
1BCX,V97C,1.3,A,['A']
1BCX,S99C,3.0,A,['A']
1G4I,F21A,0.35,A,['A']
1G4I,F21I,2.05,A,['A']
1G4I,F21Y,1.15,A,['A']
1G4I,H47A,-1.9,A,['A']
1G4I,H47N,-2.4,A,['A']
1G4I,H47Q,-0.5,A,['A']
1G4I,F105A,-1.05,A,['A']
1G4I,F105I,1.4,A,['A']
1G4I,F105Y,0.35,A,['A']
1ZG4,C51S,-2.2533333333333334,A,['A']
1ZG4,E78K,0.6,A,['A']
1ZG4,R138H,-0.2,A,['A']
1ZG4,R138S,-0.6,A,['A']
1ZG4,S209A,0.6,A,['A']
1ZG4,G212S,-1.2,A,['A']
1FRD,H41R,4.0,A,['A']
1KCQ,D29N,-1.1,A,['A']
1KCQ,D29Y,-2.0,A,['A']
1TTG,P4A,0.11,A,['A']
1TTG,L7A,-1.72,A,['A']
1TTG,V9A,-1.29,A,['A']
1TTG,A12G,-1.065,A,['A']
1TTG,L17A,-0.935,A,['A']
1TTG,I19A,-0.72,A,['A']
1TTG,I19V,-0.305,A,['A']
1TTG,W21F,-1.97,A,['A']
1TTG,P24A,-0.48,A,['A']
1TTG,V28A,-1.4249999999999998,A,['A']
1TTG,Y31A,-4.176666666666667,A,['A']
1TTG,Y31F,-0.4549999999999999,A,['A']
1TTG,Y31L,-2.6275,A,['A']
1TTG,I33A,-4.96,A,['A']
1TTG,I33V,-0.255,A,['A']
1TTG,Y35A,-1.895,A,['A']
1TTG,F47A,-2.08,A,['A']
1TTG,V49A,-2.66,A,['A']
1TTG,P50A,-0.41,A,['A']
1WQ5,F21L,7.401486830834377e-17,A,['A']
1WQ5,P27A,2.6,A,['A']
1WQ5,P27G,-0.948,A,['A']
1WQ5,I36A,-2.94,A,['A']
1WQ5,E48A,0.1099999999999999,A,['A']
1WQ5,E48C,-1.0950000000000002,A,['A']
1WQ5,E48D,-0.55,A,['A']
1WQ5,E48F,-1.63,A,['A']
1WQ5,E48G,0.89,A,['A']
1WQ5,E48H,0.8150000000000001,A,['A']
1WQ5,E48I,4.23,A,['A']
1WQ5,E48K,0.55,A,['A']
1WQ5,E48L,3.3200000000000003,A,['A']
1WQ5,E48M,-3.1,A,['A']
1WQ5,E48N,-0.0449999999999999,A,['A']
1WQ5,E48P,-0.0,A,['A']
1WQ5,E48Q,0.6,A,['A']
1WQ5,E48S,-0.0,A,['A']
1WQ5,E48T,-0.31,A,['A']
1WQ5,E48V,2.4,A,['A']
1WQ5,E48W,-0.97,A,['A']
1WQ5,E48Y,-0.085,A,['A']
1WQ5,L49A,-1.9966666666666668,A,['A']
1WQ5,C72A,-0.4449999999999999,A,['A']
1WQ5,C72G,-1.04,A,['A']
1WQ5,C72S,-0.855,A,['A']
1WQ5,C72V,-1.51,A,['A']
1WQ5,P87A,-1.4266666666666667,A,['A']
1WQ5,L90A,-2.723333333333333,A,['A']
1WQ5,K100N,-0.1,A,['A']
1WQ5,C109A,-1.23,A,['A']
1WQ5,C109S,-1.735,A,['A']
1WQ5,C109V,-1.27,A,['A']
1WQ5,L118A,-0.86,A,['A']
1WQ5,P123A,-0.6066666666666667,A,['A']
1WQ5,P123G,0.7,A,['A']
1WQ5,F130W,0.155,A,['A']
1WQ5,C145A,-0.765,A,['A']
1WQ5,C145S,-1.56,A,['A']
1WQ5,C145V,-1.01,A,['A']
1WQ5,Y166C,-0.3999999999999999,A,['A']
1WQ5,L167A,-2.67,A,['A']
1WQ5,P196A,1.5,A,['A']
1WQ5,G200D,0.2,A,['A']
1WQ5,G200E,0.1999999999999999,A,['A']
1WQ5,G200R,-0.125,A,['A']
1WQ5,G200S,-0.375,A,['A']
1WQ5,G200V,0.525,A,['A']
1WQ5,G200W,-1.075,A,['A']
1WQ5,G223D,2.2666666666666666,A,['A']
1WQ5,G223K,-0.0,A,['A']
1WQ5,F247W,0.2925,A,['A']
1HK0,M42A,-0.5,X,['X']
1HK0,Q53A,-1.8503717077085938e-17,X,['X']
1HK0,F55A,0.1499999999999999,X,['X']
1HK0,R78A,-1.4249999999999998,X,['X']
1HK0,I80A,-1.625,X,['X']
1HK0,V130A,-2.375,X,['X']
1HK0,Q141A,0.05,X,['X']
1HK0,L143A,-1.6249999999999998,X,['X']
1HK0,M145A,-0.8500000000000001,X,['X']
1HK0,V168A,1.3,X,['X']
1CYC,K72F,-1.15,A,['A']
1CYC,K72M,-1.0,A,['A']
1CYC,K72W,-1.43,A,['A']
1CYC,K72Y,-1.05,A,['A']
2NVH,R3P,-0.4,A,['A']
2NVH,R3Q,-0.8,A,['A']
2NVH,L5A,-2.6,A,['A']
2NVH,N6D,0.265,A,['A']
2NVH,N6G,-2.25,A,['A']
2NVH,C7A,-2.26,A,['A']
2NVH,C7S,-4.25,A,['A']
2NVH,T8A,-1.4333333333333336,A,['A']
2NVH,T8G,-3.1500000000000004,A,['A']
2NVH,T8L,-1.9,A,['A']
2NVH,T8Q,-2.65,A,['A']
2NVH,L9A,-4.5,A,['A']
2NVH,K96G,-1.6333333333333335,A,['A']
2NVH,K96R,-1.8,A,['A']
2NVH,K96V,1.1333333333333333,A,['A']
1OIA,Y10F,-0.7,A,['A']
1OIA,Y10T,-1.3,A,['A']
1OIA,Y28F,-0.0,A,['A']
1OIA,Y28S,-2.3,A,['A']
1OIA,Y75D,-5.1,A,['A']
1OIA,Y75F,-0.0,A,['A']
1OIA,Y83F,-2.6,A,['A']
1OIA,Y83T,-2.9,A,['A']
1A23,C29S,-1.8,A,['A']
1A23,H31L,4.966666666666666,A,['A']
1A23,H31S,4.4,A,['A']
1A23,H31Y,3.9666666666666655,A,['A']
1A23,C32S,-1.1,A,['A']
1QLP,A8I,0.9,A,['A']
1QLP,A8L,0.9,A,['A']
1QLP,A8P,2.5,A,['A']
1QLP,A8V,0.6,A,['A']
1QLP,F28C,3.01,A,['A']
1QLP,F28L,2.1,A,['A']
1QLP,V32I,-0.2,A,['A']
1QLP,V32L,-0.3,A,['A']
1QLP,T36A,1.0,A,['A']
1QLP,T45A,1.0,A,['A']
1QLP,A47G,1.6,A,['A']
1QLP,V122I,0.2,A,['A']
1QLP,V122L,-0.7,A,['A']
1QLP,Y137A,-0.2,A,['A']
1QLP,Y137W,1.2,A,['A']
1QLP,V150I,0.5,A,['A']
1QLP,V150L,-0.6,A,['A']
1QLP,A160F,1.5,A,['A']
1QLP,A160I,1.8,A,['A']
1QLP,A160L,1.4,A,['A']
1QLP,A160V,3.8,A,['A']
1QLP,W171F,-0.5,A,['A']
1QLP,W215F,1.0,A,['A']
1QLP,A225F,1.8,A,['A']
1QLP,A225I,2.2,A,['A']
1QLP,A225L,0.35,A,['A']
1QLP,A225V,2.3,A,['A']
1QLP,A227I,-0.4,A,['A']
1QLP,A227L,-1.0,A,['A']
1QLP,A227V,-0.4,A,['A']
1QLP,A261I,-0.0,A,['A']
1QLP,A261L,-0.8,A,['A']
1QLP,A261V,0.8,A,['A']
1QLP,V298I,0.6,A,['A']
1QLP,V298L,-1.2,A,['A']
1QLP,S307R,1.6133333333333333,A,['A']
1QLP,K308F,-1.1833333333333331,A,['A']
1QLP,K308I,-0.42,A,['A']
1QLP,K308T,0.3466666666666667,A,['A']
1QLP,K308V,-0.5966666666666667,A,['A']
1QLP,V341I,0.4,A,['A']
1QLP,V341L,-0.3,A,['A']
1QLP,M351I,2.3,A,['A']
1QLP,S358A,1.0,A,['A']
1QLP,K364R,1.0,A,['A']
2DRI,A26T,-3.3,A,['A']
2DRI,V49E,-3.5,A,['A']
1C5G,E326P,0.3,A,['A']
1C5G,E326R,-0.3,A,['A']
5PTI,R0A,-0.5,A,['A']
5PTI,P1A,-1.3,A,['A']
5PTI,D2A,0.2,A,['A']
5PTI,F3A,-3.0,A,['A']
5PTI,F3L,-2.2,A,['A']
5PTI,L5A,-0.6,A,['A']
5PTI,E6A,-1.5,A,['A']
5PTI,P7A,-0.3,A,['A']
5PTI,P8A,-0.8,A,['A']
5PTI,Y9A,-1.2,A,['A']
5PTI,Y9L,-2.9,A,['A']
5PTI,T10A,-0.0,A,['A']
5PTI,G11A,-1.8,A,['A']
5PTI,G11D,-4.3,A,['A']
5PTI,G11V,-4.1,A,['A']
5PTI,P12A,-1.2999999999999998,A,['A']
5PTI,P12S,-1.4,A,['A']
5PTI,K14A,-0.4,A,['A']
5PTI,A15T,-1.7,A,['A']
5PTI,A15V,-1.3,A,['A']
5PTI,R16A,-0.3,A,['A']
5PTI,I17A,-1.5,A,['A']
5PTI,I18A,-2.1,A,['A']
5PTI,R19A,-1.8,A,['A']
5PTI,Y20A,-3.9,A,['A']
5PTI,Y20L,-3.4,A,['A']
5PTI,F21A,-2.0,A,['A']
5PTI,Y22A,-5.95,A,['A']
5PTI,N23A,-2.2,A,['A']
5PTI,K25A,-0.0,A,['A']
5PTI,G27A,-1.0,A,['A']
5PTI,L28A,-0.0,A,['A']
5PTI,C29A,-6.1,A,['A']
5PTI,C29G,-8.7,A,['A']
5PTI,C29S,-8.0,A,['A']
5PTI,C29T,-7.8,A,['A']
5PTI,C29V,-6.0,A,['A']
5PTI,Q30A,-1.0,A,['A']
5PTI,T31A,-0.1,A,['A']
5PTI,F32I,-2.4,A,['A']
5PTI,F32L,-2.0,A,['A']
5PTI,V33A,-1.2,A,['A']
5PTI,Y34A,-1.85,A,['A']
5PTI,Y34D,-3.8,A,['A']
5PTI,Y34F,-0.6,A,['A']
5PTI,Y34G,-5.0,A,['A']
5PTI,Y34L,-3.7,A,['A']
5PTI,Y34N,-3.7,A,['A']
5PTI,G35A,-2.1,A,['A']
5PTI,G35D,-2.8,A,['A']
5PTI,G35S,-0.7,A,['A']
5PTI,G36A,-2.3,A,['A']
5PTI,G36D,-1.7,A,['A']
5PTI,R38A,-0.0,A,['A']
5PTI,K40A,-0.4,A,['A']
5PTI,R41A,-0.5,A,['A']
5PTI,N42G,-5.7,A,['A']
5PTI,N43A,-3.3,A,['A']
5PTI,N43G,-4.7,A,['A']
5PTI,F44A,-6.85,A,['A']
5PTI,K45A,0.1,A,['A']
5PTI,S46A,-1.6,A,['A']
5PTI,E48A,-0.2,A,['A']
5PTI,D49A,-0.4,A,['A']
5PTI,M51A,-1.7,A,['A']
5PTI,R52A,-0.1,A,['A']
5PTI,T53A,-0.1,A,['A']
5PTI,G55A,-0.2,A,['A']
5PTI,G56A,-0.2,A,['A']
1IFC,W5Y,-0.915,A,['A']
1IFC,I22C,0.9,A,['A']
1IFC,S51C,0.6,A,['A']
1IFC,V59C,0.8,A,['A']
1IFC,V59N,-0.7666666666666666,A,['A']
1IFC,L63A,-1.9,A,['A']
1IFC,L63G,-2.45,A,['A']
1IFC,G64A,-1.1,A,['A']
1IFC,F67A,0.8899999999999999,A,['A']
1IFC,L71C,-0.0,A,['A']
1IFC,W81Y,0.245,A,['A']
1IFC,L88C,-0.6,A,['A']
1IFC,F92A,-2.41,A,['A']
1IFC,A103C,2.5,A,['A']
1RBP,W23F,-2.5,A,['A']
1RBP,W23L,-2.6,A,['A']
1RBP,W23Y,-2.2,A,['A']
1RBP,W90H,-0.1,A,['A']
1RBP,W104F,-0.4,A,['A']
1RBP,R120Q,-2.6,A,['A']
1E0W,W84A,1.1,A,['A']
1E0W,W84F,-2.2,A,['A']
1E0W,W84H,-0.5,A,['A']
1E0W,Y171A,-2.8,A,['A']
1E0W,Y171F,-0.5,A,['A']
1E0W,Y171S,0.9,A,['A']
1E0W,W265A,-2.6,A,['A']
1E0W,W265F,-1.8,A,['A']
1E0W,W265H,-4.0,A,['A']
1E0W,W273A,2.3,A,['A']
1E0W,W273F,0.4,A,['A']
1E0W,W273H,0.1,A,['A']
1JNX,R49W,-3.4,X,['X']
1JNX,M125R,-4.2,X,['X']
1JNX,V180M,-1.7,X,['X']
2OCJ,Q8H,0.24,A,['A']
2OCJ,Q8P,0.11,A,['A']
2OCJ,T27A,-0.13,A,['A']
2OCJ,A33D,-0.7,A,['A']
2OCJ,A33E,-0.38,A,['A']
2OCJ,A33S,-0.19,A,['A']
2OCJ,M37L,0.3,A,['A']
2OCJ,F38L,-4.78,A,['A']
2OCJ,V47A,-3.5,A,['A']
2OCJ,L49Q,-2.98,A,['A']
2OCJ,D52E,-0.43,A,['A']
2OCJ,D52S,0.22,A,['A']
2OCJ,T54P,-0.08,A,['A']
2OCJ,P55S,-4.49,A,['A']
2OCJ,V61F,-3.88,A,['A']
2OCJ,Q69K,-1.27,A,['A']
2OCJ,Q71E,-0.43,A,['A']
2OCJ,H72R,-2.91,A,['A']
2OCJ,R78K,-0.22,A,['A']
2OCJ,R79A,-0.73,A,['A']
2OCJ,R79H,-3.3433333333333333,A,['A']
2OCJ,C86S,0.16,A,['A']
2OCJ,I99T,-4.12,A,['A']
2OCJ,L105P,0.35,A,['A']
2OCJ,V107A,0.49,A,['A']
2OCJ,L110S,-0.1,A,['A']
2OCJ,Y124C,-3.98,A,['A']
2OCJ,D132E,0.05,A,['A']
2OCJ,I136T,-3.19,A,['A']
2OCJ,Y140F,0.27,A,['A']
2OCJ,M141I,-3.18,A,['A']
2OCJ,N143Y,1.49,A,['A']
2OCJ,C146S,-3.103333333333333,A,['A']
2OCJ,G149S,-1.21,A,['A']
2OCJ,R152Q,-1.9366666666666668,A,['A']
2OCJ,R153S,-1.89,A,['A']
2OCJ,I159F,-3.29,A,['A']
2OCJ,S164P,-0.32,A,['A']
2OCJ,N172D,0.92,A,['A']
2OCJ,F174C,-4.54,A,['A']
2OCJ,F174L,-4.1,A,['A']
2OCJ,R177C,0.4,A,['A']
2OCJ,R177H,-0.3,A,['A']
2OCJ,T188A,-2.3,A,['A']
2OCJ,E189A,1.7,A,['A']
2OCJ,E190A,-1.25,A,['A']
2OCJ,E191A,-0.65,A,['A']
2OCJ,N192A,-2.35,A,['A']
2AFG,C6S,-2.845,A,['A']
2AFG,H11Y,0.7300000000000001,A,['A']
2AFG,V21I,-1.0,A,['A']
2AFG,V21W,0.96,A,['A']
2AFG,L34F,0.2624999999999999,A,['A']
2AFG,L34P,0.695,A,['A']
2AFG,L34W,0.0466666666666667,A,['A']
2AFG,G52A,-1.465,A,['A']
2AFG,G52N,-0.895,A,['A']
2AFG,L63V,-1.48,A,['A']
2AFG,C73S,-1.6549999999999998,A,['A']
2AFG,F75W,0.03,A,['A']
2AFG,H83A,-0.515,A,['A']
2AFG,H83G,1.1916666666666669,A,['A']
2AFG,H83N,0.245,A,['A']
2AFG,H92Y,0.31,A,['A']
2AFG,A93G,-0.4549999999999999,A,['A']
2AFG,N96G,0.29,A,['A']
2AFG,F98Y,0.59,A,['A']
2AFG,V99I,-0.0075,A,['A']
2AFG,V99L,-0.585,A,['A']
2AFG,C107I,0.36,A,['A']
2AFG,C107S,-0.6025,A,['A']
2AFG,C107V,-0.3,A,['A']
2AFG,F122W,-0.3066666666666666,A,['A']
